Country Code,Short Name,Table Name,Long Name,2-alpha code,Currency Unit,Special Notes,Region,Income Group,WB-2 code,National accounts base year,National accounts reference year,SNA price valuation,Lending category,Other groups,System of National Accounts,Alternative conversion factor,PPP survey year,Balance of Payments Manual in use,External debt Reporting status,System of trade,Government Accounting concept,IMF data dissemination standard,Latest population census,Latest household survey,Source of most recent Income and expenditure data,Vital registration complete,Latest agricultural census,Latest industrial data,Latest trade data,Latest water withdrawal data
AFG,Afghanistan,Afghanistan,Islamic State of Afghanistan,AF,Afghan afghani,Fiscal year end: March 20; reporting period for national accounts data: FY (from 2013 are CY). National accounts data are sourced from the IMF and differ from the Central Statistics Organization numbers due to exclusion of the opium economy.,South Asia,Low income,AF,2002/03,,Value added at basic prices (VAB),IDA,HIPC,Country uses the 1993 System of National Accounts methodology.,,,,Actual,General trade system,Consolidated central government,General Data Dissemination System (GDDS),1979,"Multiple Indicator Cluster Survey (MICS), 2010/11","Integrated household survey (IHS), 2008",,2013/14,,2012,2000
ALB,Albania,Albania,Republic of Albania,AL,Albanian lek,,Europe & Central Asia,Upper middle income,AL,Original chained constant price data are rescaled.,1996,Value added at basic prices (VAB),IBRD,,Country uses the 1993 System of National Accounts methodology.,,Rolling,"IMF Balance of Payments Manual, 6th edition.",Actual,General trade system,Budgetary central government,General Data Dissemination System (GDDS),2011,"Demographic and Health Survey (DHS), 2008/09","Living Standards Measurement Study Survey (LSMS), 2012",Yes,2012,2010,2012,2006
DZA,Algeria,Algeria,People's Democratic Republic of Algeria,DZ,Algerian dinar,,Middle East & North Africa,Upper middle income,DZ,1980,,Value added at basic prices (VAB),IBRD,,Country uses the 1968 System of National Accounts methodology.,,,"IMF Balance of Payments Manual, 6th edition.",Actual,Special trade system,Budgetary central government,General Data Dissemination System (GDDS),2008,"Multiple Indicator Cluster Survey (MICS), 2012","Integrated household survey (IHS), 1995",,,,2012,2001
AGO,Angola,Angola,People's Republic of Angola,AO,Angolan kwanza,"April 2013 database update: Based on IMF data, national accounts data were revised for 2000 onward; the base year changed to 2002.",Sub-Saharan Africa,Upper middle income,AO,2002,,Value added at producer prices (VAP),IBRD,,Country uses the 1993 System of National Accounts methodology.,1991?96,2005,"IMF Balance of Payments Manual, 6th edition.",Actual,Special trade system,Budgetary central government,General Data Dissemination System (GDDS),1970,"Malaria Indicator Survey (MIS), 2011","Integrated household survey (IHS), 2008",,2015,,1991,2005
ARG,Argentina,Argentina,Argentine Republic,AR,Argentine peso,,Latin America & Caribbean,Upper middle income,AR,2004,,Value added at basic prices (VAB),IBRD,,Country uses the 1993 System of National Accounts methodology.,1971?84,2005,"IMF Balance of Payments Manual, 6th edition.",Actual,Special trade system,Consolidated central government,Special Data Dissemination Standard (SDDS),2010,"Multiple Indicator Cluster Survey (MICS), 2011/12","Integrated household survey (IHS), 2012",Yes,2013,2002,2012,2000
ARM,Armenia,Armenia,Republic of Armenia,AM,Armenian dram,,Europe & Central Asia,Lower middle income,AM,Original chained constant price data are rescaled.,1996,Value added at basic prices (VAB),IBRD,,Country uses the 1993 System of National Accounts methodology.,1990?95,2005,"IMF Balance of Payments Manual, 6th edition.",Actual,Special trade system,Consolidated central government,Special Data Dissemination Standard (SDDS),2011,"Demographic and Health Survey (DHS), 2010","Integrated household survey (IHS), 2012",Yes,2013/14,,2012,2007
AZE,Azerbaijan,Azerbaijan,Republic of Azerbaijan,AZ,New Azeri manat,April 2012 database update: National accounts historical expenditure series in constant prices were revised in line with State Statistical Committee data that were not previously available.,Europe & Central Asia,Upper middle income,AZ,2000,2003,Value added at basic prices (VAB),IBRD,,Country uses the 1993 System of National Accounts methodology.,1992?95,2005,"IMF Balance of Payments Manual, 6th edition.",Actual,General trade system,Consolidated central government,General Data Dissemination System (GDDS),2009,"Demographic and Health Survey (DHS), 2006","Expenditure survey/budget survey (ES/BS), 2012",Yes,2015,2010,2012,2005
BGD,Bangladesh,Bangladesh,People's Republic of Bangladesh,BD,Bangladeshi taka,Fiscal year end: June 30; reporting period for national accounts data: FY.,South Asia,Low income,BD,1995/96,,Value added at basic prices (VAB),IDA,,Country uses the 1993 System of National Accounts methodology.,,2005,"IMF Balance of Payments Manual, 6th edition.",Estimate,General trade system,Consolidated central government,General Data Dissemination System (GDDS),2011,"Demographic and Health Survey (DHS), 2011","Integrated household survey (IHS), 2010",,2008,,2007,2008
BLR,Belarus,Belarus,Republic of Belarus,BY,Belarusian rubel,,Europe & Central Asia,Upper middle income,BY,Original chained constant price data are rescaled.,2000,Value added at basic prices (VAB),IBRD,,Country uses the 1993 System of National Accounts methodology.,1990?95,2005,"IMF Balance of Payments Manual, 6th edition.",Actual,General trade system,Consolidated central government,Special Data Dissemination Standard (SDDS),2009,"Multiple Indicator Cluster Survey (MICS), 2012","Expenditure survey/budget survey (ES/BS), 2012",Yes,,2009,2012,2000
BLZ,Belize,Belize,Belize,BZ,Belize dollar,,Latin America & Caribbean,Upper middle income,BZ,2000,,Value added at basic prices (VAB),IBRD,,Country uses the 1993 System of National Accounts methodology.,,,"IMF Balance of Payments Manual, 6th edition.",Actual,General trade system,Budgetary central government,General Data Dissemination System (GDDS),2010,"Multiple Indicator Cluster Survey (MICS), 2011","Expenditure survey/budget survey (ES/BS), 2011",,,,2012,2000
BEN,Benin,Benin,Republic of Benin,BJ,CFA franc,,Sub-Saharan Africa,Low income,BJ,1985,,Value added at producer prices (VAP),IDA,HIPC,Country uses the 1968 System of National Accounts methodology.,1992,2005,"IMF Balance of Payments Manual, 6th edition.",Actual,Special trade system,Budgetary central government,General Data Dissemination System (GDDS),2013,"Demographic and Health Survey (DHS), 2011/12","Core Welfare Indicator Questionnaire Survey (CWIQ), 2011",,2011/12,,2010,2001
BTN,Bhutan,Bhutan,Kingdom of Bhutan,BT,Bhutanese ngultrum,April 2013 database update: Data were updated using the government of Bhutan macroeconomic framework.,South Asia,Lower middle income,BT,2000,,Value added at basic prices (VAB),IDA,,Country uses the 1993 System of National Accounts methodology.,,2005,"IMF Balance of Payments Manual, 6th edition.",Actual,General trade system,Consolidated central government,General Data Dissemination System (GDDS),2005,"Multiple Indicator Cluster Survey (MICS), 2010","Integrated household survey (IHS), 2012",,2009,,2011,2008
BOL,Bolivia,Bolivia,Plurinational State of Bolivia,BO,Bolivian Boliviano,,Latin America & Caribbean,Lower middle income,BO,1990,,Value added at basic prices (VAB),Blend,HIPC,Country uses the 1968 System of National Accounts methodology.,1960?85,2005,"IMF Balance of Payments Manual, 6th edition.",Actual,General trade system,Consolidated central government,General Data Dissemination System (GDDS),2012,"Demographic and Health Survey (DHS), 2008","Integrated household survey (IHS), 2009",,2013,2001,2012,2000
BIH,Bosnia and Herzegovina,Bosnia and Herzegovina,Bosnia and Herzegovina,BA,Bosnia and Herzegovina convertible mark,,Europe & Central Asia,Upper middle income,BA,Original chained constant price data are rescaled.,1996,Value added at basic prices (VAB),IBRD,,Country uses the 1993 System of National Accounts methodology.,,Rolling,"IMF Balance of Payments Manual, 6th edition.",Actual,Special trade system,Consolidated central government,General Data Dissemination System (GDDS),2013,"Multiple Indicator Cluster Survey (MICS), 2011/12","Living Standards Measurement Study Survey (LSMS), 2007",Yes,,,2012,2009
BWA,Botswana,Botswana,Republic of Botswana,BW,Botswana pula,"Fiscal year end: March 31; reporting period for national accounts data: CY. Based on official government statistics, national accounts data have been revised from 2006 onward; the new base year is 2006. Data before 2006 were reported on a fiscal year basis.",Sub-Saharan Africa,Upper middle income,BW,2006,,Value added at basic prices (VAB),IBRD,,Country uses the 1993 System of National Accounts methodology.,,2005,"IMF Balance of Payments Manual, 6th edition.",Actual,General trade system,Budgetary central government,General Data Dissemination System (GDDS),2011,"Demographic and Health Survey (DHS), 1988","Expenditure survey/budget survey (ES/BS), 2009/10",,2011. Population and Housing Census.,2010,2012,2000
BRA,Brazil,Brazil,Federative Republic of Brazil,BR,Brazilian real,,Latin America & Caribbean,Upper middle income,BR,2000,,Value added at basic prices (VAB),IBRD,,Country uses the 1993 System of National Accounts methodology.,,2005,"IMF Balance of Payments Manual, 6th edition.",Actual,General trade system,Consolidated central government,Special Data Dissemination Standard (SDDS),2010,"World Health Survey (WHS), 2003","Integrated household survey (IHS), 2012",,2006,2010,2012,2006
BGR,Bulgaria,Bulgaria,Republic of Bulgaria,BG,Bulgarian lev,April 2011 database update: The National Statistical Office revised national accounts data from 1995 onward. GDP in current prices were about 4 percent higher than previous estimates.,Europe & Central Asia,Upper middle income,BG,Original chained constant price data are rescaled.,2002,Value added at basic prices (VAB),IBRD,,Country uses the 1993 System of National Accounts methodology.,"1978?89, 1991?92",Rolling,"IMF Balance of Payments Manual, 6th edition.",Actual,Special trade system,Consolidated central government,Special Data Dissemination Standard (SDDS),2011,"Living Standards Measurement Study Survey (LSMS), 2007","Expenditure survey/budget survey (ES/BS), 2007",Yes,2010,2010,2012,2009
BFA,Burkina Faso,Burkina Faso,Burkina Faso,BF,CFA franc,,Sub-Saharan Africa,Low income,BF,1999,,Value added at basic prices (VAB),IDA,HIPC,Country uses the 1993 System of National Accounts methodology.,1992?93,2005,"IMF Balance of Payments Manual, 6th edition.",Actual,General trade system,Budgetary central government,General Data Dissemination System (GDDS),2006,"Demographic and Health Survey (DHS), 2010","Core Welfare Indicator Questionnaire Survey (CWIQ), 2009",,2010,,2011,2001
BDI,Burundi,Burundi,Republic of Burundi,BI,Burundi franc,,Sub-Saharan Africa,Low income,BI,2005,,Value added at basic prices (VAB),IDA,HIPC,Country uses the 1993 System of National Accounts methodology.,,2005,"IMF Balance of Payments Manual, 6th edition.",Actual,Special trade system,Consolidated central government,General Data Dissemination System (GDDS),2008,"Malaria Indicator Survey (MIS), 2012","Core Welfare Indicator Questionnaire Survey (CWIQ), 2006",,,,2012,2000
CPV,Cabo Verde,Cabo Verde,Republic of Cabo Verde,CV,Cabo Verde escudo,"Cabo Verde is the new name for the country previously listed as Cape Verde. Based on official government statistics and IMF data, national accounts data have been revised from 1990 onward; the new base year is 2007.",Sub-Saharan Africa,Lower middle income,CV,2007,,Value added at producer prices (VAP),Blend,,Country uses the 1993 System of National Accounts methodology.,,2005,"IMF Balance of Payments Manual, 6th edition.",Actual,General trade system,Budgetary central government,General Data Dissemination System (GDDS),2010,"Demographic and Health Survey (DHS), 2005","Expenditure survey/budget survey (ES/BS), 2007",Yes,2014,,2012,2001
KHM,Cambodia,Cambodia,Kingdom of Cambodia,KH,Cambodian riel,,East Asia & Pacific,Low income,KH,2000,,Value added at basic prices (VAB),IDA,,Country uses the 1993 System of National Accounts methodology.,,2005,"IMF Balance of Payments Manual, 6th edition.",Actual,Special trade system,Budgetary central government,General Data Dissemination System (GDDS),2008,"Demographic and Health Survey (DHS), 2010","Integrated household survey (IHS), 2011",,2013,2000,2012,2006
CMR,Cameroon,Cameroon,Republic of Cameroon,CM,CFA franc,,Sub-Saharan Africa,Lower middle income,CM,2000,,Value added at basic prices (VAB),Blend,HIPC,Country uses the 1993 System of National Accounts methodology.,,2005,"IMF Balance of Payments Manual, 6th edition.",Actual,Special trade system,Budgetary central government,General Data Dissemination System (GDDS),2005,"Demographic and Health Survey (DHS), 2011","Priority survey (PS), 2007",,1984,2002,2012,2000
CAF,Central African Republic,Central African Republic,Central African Republic,CF,CFA franc,,Sub-Saharan Africa,Low income,CF,2000,,Value added at basic prices (VAB),IDA,HIPC,Country uses the 1968 System of National Accounts methodology.,,2005,"IMF Balance of Payments Manual, 6th edition.",Preliminary,Special trade system,Budgetary central government,General Data Dissemination System (GDDS),2003,"Multiple Indicator Cluster Survey (MICS), 2010","Priority survey (PS), 2008",,,,2011,2005
TCD,Chad,Chad,Republic of Chad,TD,CFA franc,"Based on IMF data, national accounts data have been revised for 2005 onward; the new base year is 2005.",Sub-Saharan Africa,Low income,TD,2005,,Value added at basic prices (VAB),IDA,HIPC,Country uses the 1993 System of National Accounts methodology.,,2005,"IMF Balance of Payments Manual, 6th edition.",Preliminary,Special trade system,,General Data Dissemination System (GDDS),2009,"Multiple Indicator Cluster Survey (MICS), 2010","Priority survey (PS), 2002/03",,2010/ 2011,,1995,2005
CHN,China,China,People's Republic of China,CN,Chinese yuan,"On 1 July 1997 China resumed its exercise of sovereignty over Hong Kong; and on 20 December 1999 China resumed its exercise of sovereignty over Macao. Unless otherwise noted, data for China do not include data for Hong Kong SAR, China; Macao SAR, China; or Taiwan, China. Based on data from the National Bureau of Statistics, the methodology for national accounts exports and imports of goods and services in constant prices have been revised from 2000 onward.",East Asia & Pacific,Upper middle income,CN,2000,,Value added at producer prices (VAP),IBRD,,Country uses the 1993 System of National Accounts methodology.,1978?93,2005,"IMF Balance of Payments Manual, 6th edition.",Preliminary,Special trade system,Consolidated central government,General Data Dissemination System (GDDS),2010,"National Sample Survey on Population Change (NSS), 2007","Integrated household survey (IHS), 2008",,2007,2007,2012,2005
COL,Colombia,Colombia,Republic of Colombia,CO,Colombian peso,,Latin America & Caribbean,Upper middle income,CO,2005,,Value added at basic prices (VAB),IBRD,,Country uses the 1993 System of National Accounts methodology.,1992?94,2005,"IMF Balance of Payments Manual, 6th edition.",Actual,General trade system,Consolidated central government,Special Data Dissemination Standard (SDDS),2006,"Demographic and Health Survey (DHS), 2010","Integrated household survey (IHS), 2012",,2013,2010,2012,2000
COM,Comoros,Comoros,Union of the Comoros,KM,Comorian franc,,Sub-Saharan Africa,Low income,KM,1990,,Value added at producer prices (VAP),IDA,HIPC,Country uses the 1968 System of National Accounts methodology.,,2005,,Actual,Special trade system,,General Data Dissemination System (GDDS),2003,"Demographic and Health Survey (DHS), 2012","Integrated household survey (IHS), 2004",,,,2009,1999
COG,Congo,"Congo, Rep.",Republic of Congo,CG,CFA franc,"April 2013 database update: Based on IMF data, national accounts data were revised for 1990 onward; the base year changed to 1990.",Sub-Saharan Africa,Lower middle income,CG,1990,,Value added at producer prices (VAP),Blend,HIPC,Country uses the 1968 System of National Accounts methodology.,1993,2005,"IMF Balance of Payments Manual, 6th edition.",Actual,Special trade system,Consolidated central government,General Data Dissemination System (GDDS),2007,"Demographic and Health Survey (DHS), 2011/12","Core Welfare Indicator Questionnaire Survey (CWIQ)/Priority survey (PS), 2011",,2013,2009,2010,2002
CRI,Costa Rica,Costa Rica,Republic of Costa Rica,CR,Costa Rican colon,,Latin America & Caribbean,Upper middle income,CR,1991,,Value added at basic prices (VAB),IBRD,,Country uses the 1993 System of National Accounts methodology.,,,"IMF Balance of Payments Manual, 6th edition.",Actual,Special trade system,Consolidated central government,Special Data Dissemination Standard (SDDS),2011,"Multiple Indicator Cluster Survey (MICS), 2011","Integrated household survey (IHS), 2012",Yes,2014,2010,2012,1997
CIV,C?te d'Ivoire,C?te d'Ivoire,Republic of C?te d'Ivoire,CI,CFA franc,,Sub-Saharan Africa,Lower middle income,CI,1996,,Value added at producer prices (VAP),IDA,HIPC,Country uses the 1968 System of National Accounts methodology.,,2005,"IMF Balance of Payments Manual, 6th edition.",Actual,Special trade system,Budgetary central government,General Data Dissemination System (GDDS),1998,"Demographic and Health Survey (DHS), 2011/12","Integrated household survey (IHS), 2008",,2014,,2012,2005
ZAR,Dem. Rep. Congo,"Congo, Dem. Rep.",Democratic Republic of the Congo,CD,Congolese franc,"Based on INS (2000-09) and IMF (2010-13) data, national accounts data were revised for 2000 onward; the base year changed to 2005.",Sub-Saharan Africa,Low income,ZR,2005,,Value added at basic prices (VAB),IDA,HIPC,Country uses the 1993 System of National Accounts methodology.,1999?2001,2005,"IMF Balance of Payments Manual, 6th edition.",Actual,Special trade system,Consolidated central government,General Data Dissemination System (GDDS),1984,"Demographic and Health Survey (DHS), 2013","1-2-3 survey (1-2-3), 2004/05",,1990,,1987,2005
DJI,Djibouti,Djibouti,Republic of Djibouti,DJ,Djibouti franc,,Middle East & North Africa,Lower middle income,DJ,1990,,Value added at basic prices (VAB),IDA,,Country uses the 1968 System of National Accounts methodology.,,2005,"IMF Balance of Payments Manual, 6th edition.",Actual,General trade system,,General Data Dissemination System (GDDS),2009,"Multiple Indicator Cluster Survey (MICS), 2006","Priority survey (PS), 2002",,,,2009,2000
DMA,Dominica,Dominica,Commonwealth of Dominica,DM,East Caribbean dollar,"April 2012 database update: Based on official government statistics, national accounts data were revised for 2000 onward; the base year changed to 2006.",Latin America & Caribbean,Upper middle income,DM,2006,,Value added at basic prices (VAB),Blend,,Country uses the 1993 System of National Accounts methodology.,,,"IMF Balance of Payments Manual, 6th edition.",Actual,Special trade system,Budgetary central government,General Data Dissemination System (GDDS),2011,,,Yes,,,2012,2004
DOM,Dominican Republic,Dominican Republic,Dominican Republic,DO,Dominican peso,,Latin America & Caribbean,Upper middle income,DO,1991,,Value added at basic prices (VAB),IBRD,,Country uses the 1993 System of National Accounts methodology.,,,"IMF Balance of Payments Manual, 6th edition.",Actual,General trade system,Consolidated central government,General Data Dissemination System (GDDS),2010,"Demographic and Health Survey (DHS), 2013","Integrated household survey (IHS), 2012",,2012/13,,2012,2005
EAP,East Asia & Pacific (developing only),East Asia & Pacific,East Asia & Pacific (developing only),4E,,East Asia and Pacific regional aggregate (does not include high-income economies).,,,4E,,,,,,,,,,,,,,,,,,,,,
ECU,Ecuador,Ecuador,Republic of Ecuador,EC,U.S. dollar,National accounts have been revised from 1965 onward based on official government data; the new base year is 2007. The large upward changes are due to an improved calculation method for nominal GDP.,Latin America & Caribbean,Upper middle income,EC,2007,,Value added at basic prices (VAB),IBRD,,Country uses the 2008 System of National Accounts methodology.,,2005,"IMF Balance of Payments Manual, 6th edition.",Actual,General trade system,Budgetary central government,Special Data Dissemination Standard (SDDS),2010,"Reproductive Health Survey (RHS), 2004","Integrated household survey (IHS), 2012",,2013/15,2008,2012,2005
EGY,Egypt,"Egypt, Arab Rep.",Arab Republic of Egypt,EG,Egyptian pound,Fiscal year end: June 30; reporting period for national accounts data: FY.,Middle East & North Africa,Lower middle income,EG,1991/92,,Value added at basic prices (VAB),IBRD,,Country uses the 1993 System of National Accounts methodology.,,2005,"IMF Balance of Payments Manual, 6th edition.",Actual,General trade system,Consolidated central government,Special Data Dissemination Standard (SDDS),2006,"Demographic and Health Survey (DHS), 2008","Expenditure survey/budget survey (ES/BS), 2011",Yes,2009/2010,2010,2012,2000
SLV,El Salvador,El Salvador,Republic of El Salvador,SV,U.S. dollar,,Latin America & Caribbean,Lower middle income,SV,1990,,Value added at basic prices (VAB),IBRD,,Country uses the 1968 System of National Accounts methodology.,,,"IMF Balance of Payments Manual, 6th edition.",Actual,Special trade system,Consolidated central government,Special Data Dissemination Standard (SDDS),2007,"Reproductive Health Survey (RHS), 2008","Integrated household survey (IHS), 2012",Yes,2007/2008,,2012,2007
ERI,Eritrea,Eritrea,State of Eritrea,ER,Eritrean nakfa,"April 2013 database update: Based on IMF data, national accounts data were revised for 2000 onward; the base year changed to 2000.",Sub-Saharan Africa,Low income,ER,2000,,Value added at basic prices (VAB),IDA,HIPC,Country uses the 1968 System of National Accounts methodology.,,,"IMF Balance of Payments Manual, 6th edition.",Estimate,,,,1984,"Demographic and Health Survey (DHS), 2002","Priority survey (PS), 1993",,,2010,2003,2004
ETH,Ethiopia,Ethiopia,Federal Democratic Republic of Ethiopia,ET,Ethiopian birr,"Fiscal year end: July 7; reporting period for national accounts data: FY. Based on IMF data, national accounts data have been revised for 2000 onward; the new base year is 2011.",Sub-Saharan Africa,Low income,ET,2011,,Value added at basic prices (VAB),IDA,HIPC,Country uses the 1993 System of National Accounts methodology.,,2005,"IMF Balance of Payments Manual, 6th edition.",Actual,General trade system,Budgetary central government,General Data Dissemination System (GDDS),2007,"Demographic and Health Survey (DHS), 2011","Expenditure survey/budget survey (ES/BS), 2010/11",,,2009,2012,2002
ECA,Europe & Central Asia (developing only),Europe & Central Asia,Europe & Central Asia (developing only),7E,,Europe and Central Asia regional aggregate (does not include high-income economies).,,,7E,,,,,,,,,,,,,,,,,,,,,
FJI,Fiji,Fiji,Republic of Fiji,FJ,Fijian dollar,"Based on data from the Bureau of Statistics, national accounts data on the expenditure side have been revised from 2005 onward; the new base year is 2005.",East Asia & Pacific,Upper middle income,FJ,2005,,Value added at basic prices (VAB),IBRD,,Country uses the 1993 System of National Accounts methodology.,,2005,"IMF Balance of Payments Manual, 6th edition.",Actual,General trade system,Budgetary central government,General Data Dissemination System (GDDS),2007,,"Expenditure survey/budget survey (ES/BS), 2009",Yes,2009,2009,2012,2000
GAB,Gabon,Gabon,Gabonese Republic,GA,CFA franc,,Sub-Saharan Africa,Upper middle income,GA,1991,,Value added at producer prices (VAP),IBRD,,Country uses the 1993 System of National Accounts methodology.,1993,2005,"IMF Balance of Payments Manual, 6th edition.",Actual,Special trade system,,General Data Dissemination System (GDDS),2013,"Demographic and Health Survey (DHS), 2012","Core Welfare Indicator Questionnaire Survey (CWIQ)/Integrated household survey (IHS), 2005",,,,2009,2005
GEO,Georgia,Georgia,Georgia,GE,Georgian lari,,Europe & Central Asia,Lower middle income,GE,Original chained constant price data are rescaled.,1996,Value added at basic prices (VAB),IBRD,,Country uses the 1993 System of National Accounts methodology.,1990?95,2005,"IMF Balance of Payments Manual, 6th edition.",Actual,General trade system,Consolidated central government,Special Data Dissemination Standard (SDDS),2002,"Multiple Indicator Cluster Survey (MICS), 2005; Reproductive Health Survey (RHS), 2005","Integrated household survey (IHS), 2011",Yes,,2010,2012,2005
GHA,Ghana,Ghana,Republic of Ghana,GH,New Ghanaian cedi,"In 2010, the Ghana Statistical Service revised the base year for Ghana's national accounts series from 1993 to 2006. The new GDP data were about 60 percent higher than previously reported and incorporated improved data sources and methodology.",Sub-Saharan Africa,Lower middle income,GH,2006,,Value added at basic prices (VAB),IDA,HIPC,Country uses the 1993 System of National Accounts methodology.,1973?87,2005,"IMF Balance of Payments Manual, 6th edition.",Actual,General trade system,Budgetary central government,General Data Dissemination System (GDDS),2010,"Multiple Indicator Cluster Survey (MICS), 2011","Living Standards Measurement Study Survey (LSMS), 2005/06",,2013/ 2014,2003,2012,2000
GRD,Grenada,Grenada,Grenada,GD,East Caribbean dollar,"April 2012 database update: Based on official government statistics, national accounts data were revised for 2000 onward; the base year changed to 2006.",Latin America & Caribbean,Upper middle income,GD,2006,,Value added at basic prices (VAB),Blend,,Country uses the 1968 System of National Accounts methodology.,,,"IMF Balance of Payments Manual, 6th edition.",Actual,Special trade system,Budgetary central government,General Data Dissemination System (GDDS),2011,"Reproductive Health Survey (RHS), 1985",,Yes,2012,,2009,2005
GTM,Guatemala,Guatemala,Republic of Guatemala,GT,Guatemalan quetzal,,Latin America & Caribbean,Lower middle income,GT,2001,,Value added at basic prices (VAB),IBRD,,Country uses the 1993 System of National Accounts methodology.,,,"IMF Balance of Payments Manual, 6th edition.",Actual,Special trade system,Budgetary central government,General Data Dissemination System (GDDS),2002,"Reproductive Health Survey (RHS), 2008/09","Living Standards Measurement Study Survey (LSMS), 2011",Yes,2013,,2012,2006
GIN,Guinea,Guinea,Republic of Guinea,GN,Guinean franc,,Sub-Saharan Africa,Low income,GN,2003,,Value added at basic prices (VAB),IDA,HIPC,Country uses the 1993 System of National Accounts methodology.,,2005,"IMF Balance of Payments Manual, 6th edition.",Preliminary,Special trade system,Budgetary central government,General Data Dissemination System (GDDS),1996,"Demographic and Health Survey (DHS), 2012","Core Welfare Indicator Questionnaire Survey (CWIQ), 2012",,,,2008,2001
GNB,Guinea-Bissau,Guinea-Bissau,Republic of Guinea-Bissau,GW,CFA franc,"In 2010, national accounts data for 2003-09 were revised. The new data had broader coverage of all sectors of the economy, and GDP in current prices averaged 89 percent higher than previous estimates.",Sub-Saharan Africa,Low income,GW,2005,,Value added at basic prices (VAB),IDA,HIPC,Country uses the 1993 System of National Accounts methodology.,,2005,"IMF Balance of Payments Manual, 6th edition.",Estimate,General trade system,,General Data Dissemination System (GDDS),2009,"Multiple Indicator Cluster Survey (MICS), 2010","Core Welfare Indicator Questionnaire Survey (CWIQ), 2010",,,,2005,2000
GUY,Guyana,Guyana,Co-operative Republic of Guyana,GY,Guyana dollar,"In 2010, the Bureau of Statistics introduced a new series of GDP rebased to year 2006. Current price GDP averaged 63 percent higher than previous estimates.",Latin America & Caribbean,Lower middle income,GY,2006,,Value added at basic prices (VAB),IDA,HIPC,Country uses the 1993 System of National Accounts methodology.,,,"IMF Balance of Payments Manual, 6th edition.",Actual,Special trade system,,General Data Dissemination System (GDDS),2012,"Demographic and Health Survey (DHS), 2009","Integrated household survey (IHS), 1998",,,,2012,2000
HTI,Haiti,Haiti,Republic of Haiti,HT,Haitian gourde,"Fiscal year end: September 30; reporting period for national accounts data: FY. In 2010, the government revised national accounts data following changes in the methodology. Current price series since 1991 and constant price series since 1996 were revised.",Latin America & Caribbean,Low income,HT,1986/87,,Value added at basic prices (VAB),IDA,HIPC,Country uses the 1968 System of National Accounts methodology.,1991,,"IMF Balance of Payments Manual, 6th edition.",Actual,General trade system,,General Data Dissemination System (GDDS),2003,"HIV/Maternal and Child Health (HIV/MCH) Service Provision Assessments (SPA), 2013","Integrated household survey (IHS), 2001",,2008/ 2009,,1997,2000
HND,Honduras,Honduras,Republic of Honduras,HN,Honduran lempira,,Latin America & Caribbean,Lower middle income,HN,2000,,Value added at basic prices (VAB),IDA,HIPC,Country uses the 1993 System of National Accounts methodology.,1988?89,,"IMF Balance of Payments Manual, 6th edition.",Actual,Special trade system,Consolidated central government,General Data Dissemination System (GDDS),2013,"Demographic and Health Survey (DHS), 2011/12","Integrated household survey (IHS), 2010",,2013,,2012,2006
HUN,Hungary,Hungary,Hungary,HU,Hungarian forint,"April 2012 database update: Based on data from the Organisation for Economic Co-operation and Development, national accounts data were revised for 1991 onward.",Europe & Central Asia,Upper middle income,HU,Original chained constant price data are rescaled.,2005,Value added at basic prices (VAB),,,Country uses the 1993 System of National Accounts methodology.,,Rolling,"IMF Balance of Payments Manual, 6th edition.",,Special trade system,Consolidated central government,Special Data Dissemination Standard (SDDS),2011,"World Health Survey (WHS), 2003","Expenditure survey/budget survey (ES/BS), 2007",Yes,2010,2009,2012,2007
IND,India,India,Republic of India,IN,Indian rupee,Fiscal year end: March 31; reporting period for national accounts data: FY. April 2013 database update: The India Central Statistical Office revised historical data series both current and constant going back to 1960 with 2004?05 as the base.,South Asia,Lower middle income,IN,2004/05,,Value added at basic prices (VAB),IBRD,,Country uses the 1993 System of National Accounts methodology.,,2005,"IMF Balance of Payments Manual, 6th edition.",Actual,General trade system,Consolidated central government,Special Data Dissemination Standard (SDDS),2011,"Demographic and Health Survey (DHS), 2005/06","Integrated household survey (IHS), 2012",,2011,2009,2012,2010
IDN,Indonesia,Indonesia,Republic of Indonesia,ID,Indonesian rupiah,Fiscal year end: March 31; reporting period for national accounts data: CY. Data for Indonesia include Timor-Leste through 1999 unless otherwise noted.,East Asia & Pacific,Lower middle income,ID,2000,,Value added at producer prices (VAP),IBRD,,Country uses the 1993 System of National Accounts methodology.,,2005,"IMF Balance of Payments Manual, 6th edition.",Actual,Special trade system,Budgetary central government,Special Data Dissemination Standard (SDDS),2010,"Demographic and Health Survey (DHS), 2012","Integrated household survey (IHS), 2013",,2013,2009,2012,2000
IRN,Iran,"Iran, Islamic Rep.",Islamic Republic of Iran,IR,Iranian rial,Fiscal year end: March 20; reporting period for national accounts data: FY.,Middle East & North Africa,Upper middle income,IR,1997/98,,Value added at basic prices (VAB),IBRD,,Country uses the 1993 System of National Accounts methodology.,1980?2002,2005,"IMF Balance of Payments Manual, 6th edition.",Actual,Special trade system,Consolidated central government,General Data Dissemination System (GDDS),2011,"Demographic and Health Survey (DHS), 2000","Expenditure survey/budget survey (ES/BS), 2005",Yes,2013,2009,2011,2004
JAM,Jamaica,Jamaica,Jamaica,JM,Jamaican dollar,"April 2013 database update: Based on official government statistics, national accounts data were revised for 2002 onward; the base year changed to 2007.",Latin America & Caribbean,Upper middle income,JM,2007,,Value added at basic prices (VAB),IBRD,,Country uses the 1993 System of National Accounts methodology.,,,"IMF Balance of Payments Manual, 6th edition.",Actual,General trade system,Consolidated central government,General Data Dissemination System (GDDS),2011,"Multiple Indicator Cluster Survey (MICS), 2011","Living Standards Measurement Study Survey (LSMS), 2010",,2007,,2012,1993
JOR,Jordan,Jordan,Hashemite Kingdom of Jordan,JO,Jordanian dinar,,Middle East & North Africa,Upper middle income,JO,1994,,Value added at basic prices (VAB),IBRD,,Country uses the 1968 System of National Accounts methodology.,,2005,"IMF Balance of Payments Manual, 6th edition.",Actual,General trade system,Budgetary central government,Special Data Dissemination Standard (SDDS),2004,"Demographic and Health Survey (DHS), 2012","Expenditure survey/budget survey (ES/BS), 2010",,2007,2010,2012,2005
KAZ,Kazakhstan,Kazakhstan,Republic of Kazakhstan,KZ,Kazakh tenge,,Europe & Central Asia,Upper middle income,KZ,Original chained constant price data are rescaled.,2000,Value added at basic prices (VAB),IBRD,,Country uses the 1993 System of National Accounts methodology.,1987?95,2005,"IMF Balance of Payments Manual, 6th edition.",Actual,General trade system,Consolidated central government,Special Data Dissemination Standard (SDDS),2009,"Multiple Indicator Cluster Survey (MICS), 2010/11","Expenditure survey/budget survey (ES/BS), 2012",Yes,,,2012,2010
KEN,Kenya,Kenya,Republic of Kenya,KE,Kenyan shilling,Fiscal year end: June 30; reporting period for national accounts data: CY.,Sub-Saharan Africa,Low income,KE,2001,,Value added at basic prices (VAB),IDA,,Country uses the 1993 System of National Accounts methodology.,,2005,"IMF Balance of Payments Manual, 6th edition.",Actual,General trade system,Budgetary central government,General Data Dissemination System (GDDS),2009,"Malaria Indicator Survey (MIS), 2010; HIV/Maternal and Child Health (HIV/MCH) Service Provision Assessments (SPA), 2010","Integrated household survey (IHS), 2005/06",,2009. Population and Housing Census.,2010,2010,2003
KSV,Kosovo,Kosovo,Republic of Kosovo,,Euro,"Kosovo became a World Bank member on June 29, 2009. Since 1999, Kosovo has been a territory under international administration pursuant to UN Security Council Resolution 1244 (1999).",Europe & Central Asia,Lower middle income,KV,2008,,Value added at basic prices (VAB),IDA,,Country uses the 1993 System of National Accounts methodology.,,,,Actual,,,General Data Dissemination System (GDDS),2011,,"Integrated household survey (IHS), 2011",,,,,
KGZ,Kyrgyz Republic,Kyrgyz Republic,Kyrgyz Republic,KG,Kyrgyz som,,Europe & Central Asia,Lower middle income,KG,Original chained constant price data are rescaled.,1995,Value added at basic prices (VAB),IDA,HIPC,Country uses the 1993 System of National Accounts methodology.,1990?95,2005,"IMF Balance of Payments Manual, 6th edition.",Actual,Special trade system,Budgetary central government,Special Data Dissemination Standard (SDDS),2009,"Demographic and Health Survey (DHS), 2012","Expenditure survey/budget survey (ES/BS), 2012",Yes,2014,2010,2012,2006
LAO,Lao PDR,Lao PDR,Lao People's Democratic Republic,LA,Lao kip,,East Asia & Pacific,Lower middle income,LA,2002,,Value added at basic prices (VAB),IDA,,Country uses the 1993 System of National Accounts methodology.,,2005,"IMF Balance of Payments Manual, 6th edition.",Actual,Special trade system,Budgetary central government,,2005,"Multiple Indicator Cluster Survey (MICS), 2011/12","Expenditure survey/budget survey (ES/BS), 2008",,2010/11,,1974,2005
LAC,Latin America & Caribbean (developing only),Latin America & Caribbean,Latin America & Caribbean (developing only),XJ,,Latin America and Caribbean regional aggregate (does not include high-income economies).,,,XJ,,,,,,,,,,,,,,,,,,,,,
LBN,Lebanon,Lebanon,Lebanese Republic,LB,Lebanese pound,,Middle East & North Africa,Upper middle income,LB,1997,,Value added at basic prices (VAB),IBRD,,Country uses the 1993 System of National Accounts methodology.,,2005,"IMF Balance of Payments Manual, 6th edition.",Actual,General trade system,Budgetary central government,General Data Dissemination System (GDDS),1970,"Multiple Indicator Cluster Survey (MICS), 2000",,Yes,2011,2007,2012,2005
LSO,Lesotho,Lesotho,Kingdom of Lesotho,LS,Lesotho loti,Fiscal year end: March 31; reporting period for national accounts data: CY.,Sub-Saharan Africa,Lower middle income,LS,2004,,Value added at basic prices (VAB),IDA,,Country uses the 1993 System of National Accounts methodology.,,2005,"IMF Balance of Payments Manual, 6th edition.",Actual,General trade system,Consolidated central government,General Data Dissemination System (GDDS),2006,"Demographic and Health Survey (DHS), 2009","Expenditure survey/budget survey (ES/BS), 2002/03",,2010,,2009,2000
LBR,Liberia,Liberia,Republic of Liberia,LR,Liberian dollar,"April 2013 database update: Based on IMF data, national accounts data were revised for 2000 onward; the base year changed to 2000.",Sub-Saharan Africa,Low income,LR,2000,,Value added at producer prices (VAP),IDA,HIPC,Country uses the 1968 System of National Accounts methodology.,,2005,"IMF Balance of Payments Manual, 6th edition.",Actual,Special trade system,Budgetary central government,General Data Dissemination System (GDDS),2008,"Demographic and Health Survey (DHS), 2013","Core Welfare Indicator Questionnaire Survey (CWIQ), 2007",,2008. Population and Housing Census.,,1984,2000
LMY,Low & middle income,Low & middle income,Low & middle income,XO,,"Low and middle income group aggregate (all developing economies). Low- and middle-income economies are those in which 2013 GNI per capita was $12,745 or less.",,,XO,,,,,,,,,,,,,,,,,,,,,
LIC,Low income,Low income,Low income,XM,,"Low income group aggregate. Low-income economies are those in which 2013 GNI per capita was $1,045 or less.",,,XM,,,,,,,,,,,,,,,,,,,,,
LMC,Lower middle income,Lower middle income,Lower middle income,XN,,"Lower middle income group aggregate. Lower-middle-income economies are those in which 2013 GNI per capita was between $1,046 and $4,125.",,,XN,,,,,,,,,,,,,,,,,,,,,
MKD,Macedonia,"Macedonia, FYR",Former Yugoslav Republic of Macedonia,MK,Macedonian denar,"April 2012 database update: Based on official statistics, national accounts data were revised for 2003 onward.",Europe & Central Asia,Upper middle income,MK,1995,,Value added at basic prices (VAB),IBRD,,Country uses the 1993 System of National Accounts methodology.,,Rolling,"IMF Balance of Payments Manual, 6th edition.",Actual,Special trade system,Consolidated central government,Special Data Dissemination Standard (SDDS),2002,"Multiple Indicator Cluster Survey (MICS), 2011","Expenditure survey/budget survey (ES/BS), 2009",Yes,2007,2010,2012,2007
MDG,Madagascar,Madagascar,Republic of Madagascar,MG,Malagasy ariary,,Sub-Saharan Africa,Low income,MG,1984,,Value added at basic prices (VAB),IDA,HIPC,Country uses the 1968 System of National Accounts methodology.,,2005,"IMF Balance of Payments Manual, 6th edition.",Actual,Special trade system,Consolidated central government,General Data Dissemination System (GDDS),1993,"Malaria Indicator Survey (MIS), 2013","Priority survey (PS), 2010",,,2006,2012,2000
MWI,Malawi,Malawi,Republic of Malawi,MW,Malawi kwacha,"Fiscal year end: March 31; reporting period for national accounts data: CY. Based on IMF data, national accounts data have been revised for 2000 onward; the new base year is 2009.",Sub-Saharan Africa,Low income,MW,2009,,Value added at basic prices (VAB),IDA,HIPC,Country uses the 1993 System of National Accounts methodology.,,2005,"IMF Balance of Payments Manual, 6th edition.",Actual,General trade system,,General Data Dissemination System (GDDS),2008,"HIV/Maternal and Child Health (HIV/MCH) Service Provision Assessments (SPA), 2013","Integrated household survey (IHS), 2010/11",,2006/ 2007,2009,2011,2005
MYS,Malaysia,Malaysia,Malaysia,MY,Malaysian ringgit,"Based on official government statistics, value added in services in constant and current prices have been revised from 1990 onward. National accounts data in constant prices have been linked back to 1960; the new base year is 2005.",East Asia & Pacific,Upper middle income,MY,2005,,Value added at producer prices (VAP),IBRD,,Country uses the 1993 System of National Accounts methodology.,,2005,"IMF Balance of Payments Manual, 6th edition.",Estimate,General trade system,Budgetary central government,Special Data Dissemination Standard (SDDS),2010,"World Health Survey (WHS), 2003","Expenditure survey/budget survey (ES/BS), 2012",Yes,2015,2010,2012,2005
MDV,Maldives,Maldives,Republic of Maldives,MV,Maldivian rufiyaa,April 2012 database update: The Department of National Planning revised national accounts data for 2000 onward; the base year changed to 2003.,South Asia,Upper middle income,MV,2003,,Value added at basic prices (VAB),IDA,,Country uses the 1993 System of National Accounts methodology.,,2005,"IMF Balance of Payments Manual, 6th edition.",Actual,General trade system,Consolidated central government,General Data Dissemination System (GDDS),2006,"Demographic and Health Survey (DHS), 2009","Integrated household survey (IHS), 2010",Yes,,,2012,2008
MLI,Mali,Mali,Republic of Mali,ML,CFA franc,,Sub-Saharan Africa,Low income,ML,1987,,Value added at basic prices (VAB),IDA,HIPC,Country uses the 1968 System of National Accounts methodology.,,2005,"IMF Balance of Payments Manual, 6th edition.",Actual,Special trade system,Budgetary central government,General Data Dissemination System (GDDS),2009,"Demographic and Health Survey (DHS), 2012/13","Integrated household survey (IHS), 2009/10",,,,2012,2000
MRT,Mauritania,Mauritania,Islamic Republic of Mauritania,MR,Mauritanian ouguiya,"April 2012 database update: Based on official government statistics, data were revised for 1991 onward; the base year for constant price series changed to 2004.",Sub-Saharan Africa,Lower middle income,MR,2004,,Value added at basic prices (VAB),IDA,HIPC,Country uses the 1993 System of National Accounts methodology.,,2005,"IMF Balance of Payments Manual, 6th edition.",Actual,Special trade system,,General Data Dissemination System (GDDS),2013,"Multiple Indicator Cluster Survey (MICS), 2011","Integrated household survey (IHS), 2008",,,,2012,2005
MUS,Mauritius,Mauritius,Republic of Mauritius,MU,Mauritian rupee,"In 2010, national accounts were revised to reflect fiscal year data rather than calendar year data.",Sub-Saharan Africa,Upper middle income,MU,2006,,Value added at basic prices (VAB),IBRD,,Country uses the 1993 System of National Accounts methodology.,,2005,"IMF Balance of Payments Manual, 6th edition.",Actual,General trade system,Consolidated central government,Special Data Dissemination Standard (SDDS),2011,"Reproductive Health Survey (RHS), 1991",,Yes,2013/ 2014,2010,2012,2003
MEX,Mexico,Mexico,United Mexican States,MX,Mexican peso,The new base year is 2008.,Latin America & Caribbean,Upper middle income,MX,2008,,Value added at basic prices (VAB),IBRD,,Country uses the 2008 System of National Accounts methodology.,,2011,"IMF Balance of Payments Manual, 6th edition.",Actual,General trade system,Consolidated central government,Special Data Dissemination Standard (SDDS),2010,"National Survey of Demographic Dynamics (ENADID), 2009","Integrated household survey (IHS), 2012",,2007,2010,2012,2009
MNA,Middle East & North Africa (developing only),Middle East & North Africa,Middle East & North Africa (developing only),XQ,,Middle East and North Africa regional aggregate (does not include high-income economies).,,,XQ,,,,,,,,,,,,,,,,,,,,,
MIC,Middle income,Middle income,Middle income,XP,,"Middle income group aggregate. Middle-income economies are those in which 2013 GNI per capita was between $1,046 and $12,745.",,,XP,,,,,,,,,,,,,,,,,,,,,
MDA,Moldova,Moldova,Republic of Moldova,MD,Moldovan leu,,Europe & Central Asia,Lower middle income,MD,Original chained constant price data are rescaled.,1996,Value added at basic prices (VAB),Blend,,Country uses the 1993 System of National Accounts methodology.,1990?95,2005,"IMF Balance of Payments Manual, 6th edition.",Actual,General trade system,Consolidated central government,Special Data Dissemination Standard (SDDS),2004,"Multiple Indicator Cluster Survey (MICS), 2012","Expenditure survey/budget survey (ES/BS), 2012",Yes,2011,2010,2012,2007
MNG,Mongolia,Mongolia,Mongolia,MN,Mongolian tugrik,,East Asia & Pacific,Lower middle income,MN,2005,,Value added at basic prices (VAB),Blend,,Country uses the 1993 System of National Accounts methodology.,,2005,"IMF Balance of Payments Manual, 6th edition.",Actual,General trade system,Consolidated central government,General Data Dissemination System (GDDS),2010,"Multiple Indicator Cluster Survey (MICS), 2010","Living Standards Measurement Study Survey (LSMS), 2012",Yes,2012,2008,2007,2009
MNE,Montenegro,Montenegro,Montenegro,ME,Euro,"Montenegro declared independence from Serbia and Montenegro on June 3, 2006. Where available, data for each country are shown separately. However, for Serbia, some indicators continue to include data for Montenegro through 2005.",Europe & Central Asia,Upper middle income,ME,2000,,Value added at basic prices (VAB),IBRD,,Country uses the 1993 System of National Accounts methodology.,,Rolling,"IMF Balance of Payments Manual, 6th edition.",Actual,Special trade system,,General Data Dissemination System (GDDS),2011,"Multiple Indicator Cluster Survey (MICS), 2005/06","Expenditure survey/budget survey (ES/BS), 2011",Yes,2010,,2012,2010
MAR,Morocco,Morocco,Kingdom of Morocco,MA,Moroccan dirham,,Middle East & North Africa,Lower middle income,MA,1998,,Value added at basic prices (VAB),IBRD,,Country uses the 1993 System of National Accounts methodology.,,2005,"IMF Balance of Payments Manual, 6th edition.",Actual,Special trade system,Consolidated central government,Special Data Dissemination Standard (SDDS),2004,"Multiple Indicator Cluster Survey (MICS)/Pan Arab Project for Family Health (PAPFAM), 2006","Expenditure survey/budget survey (ES/BS), 2007",,2012,2010,2012,2000
MOZ,Mozambique,Mozambique,Republic of Mozambique,MZ,New Mozambican metical,,Sub-Saharan Africa,Low income,MZ,2003,,Value added at basic prices (VAB),IDA,HIPC,Country uses the 1993 System of National Accounts methodology.,1992?95,2005,"IMF Balance of Payments Manual, 6th edition.",Actual,Special trade system,Budgetary central government,General Data Dissemination System (GDDS),2007,"Demographic and Health Survey (DHS), 2011","Expenditure survey/budget survey (ES/BS), 2008/09",,2009/ 2010,,2012,2001
MMR,Myanmar,Myanmar,Republic of the Union of Myanmar,MM,Myanmar kyat,Fiscal year end: March 31; reporting period for national accounts data: FY.,East Asia & Pacific,Low income,MM,2005/06,,Value added at producer prices (VAP),IDA,,Country uses the 1968 System of National Accounts methodology.,,,"IMF Balance of Payments Manual, 6th edition.",Estimate,General trade system,Consolidated central government,General Data Dissemination System (GDDS),1983,"Multiple Indicator Cluster Survey (MICS), 2009/10",,,2010,2003,2010,2000
NPL,Nepal,Nepal,Nepal,NP,Nepalese rupee,Fiscal year end: July 14; reporting period for national accounts data: FY.,South Asia,Low income,NP,2000/01,,Value added at basic prices (VAB),IDA,,Country uses the 1993 System of National Accounts methodology.,,2005,"IMF Balance of Payments Manual, 6th edition.",Actual,General trade system,Budgetary central government,General Data Dissemination System (GDDS),2011,"Demographic and Health Survey (DHS), 2011","Living Standards Measurement Study Survey (LSMS), 2011",,2011/ 2012,2008,2011,2006
NIC,Nicaragua,Nicaragua,Republic of Nicaragua,NI,Nicaraguan gold cordoba,"April 2013 database update: Based on official government statistics, national accounts data were revised for 1994 onward; the base year changed to 2006.",Latin America & Caribbean,Lower middle income,NI,2006,,Value added at basic prices (VAB),IDA,HIPC,Country uses the 1993 System of National Accounts methodology.,1965?95,,"IMF Balance of Payments Manual, 6th edition.",Actual,General trade system,Budgetary central government,General Data Dissemination System (GDDS),2005,"Reproductive Health Survey (RHS), 2006/2007","Living Standards Measurement Study Survey (LSMS), 2009",,2011,,2012,2001
NER,Niger,Niger,Republic of Niger,NE,CFA franc,"Based on official government statistics, national accounts data have been revised from 2006 onward; the new base year is 2006.",Sub-Saharan Africa,Low income,NE,2006,,Value added at producer prices (VAP),IDA,HIPC,Country uses the 1993 System of National Accounts methodology.,1993,2005,"IMF Balance of Payments Manual, 6th edition.",Actual,Special trade system,Budgetary central government,General Data Dissemination System (GDDS),2012,"Demographic and Health Survey (DHS), 2012","Core Welfare Indicator Questionnaire Survey (CWIQ)/Priority survey (PS), 2007",,2004-2008,2002,2012,2005
NGA,Nigeria,Nigeria,Federal Republic of Nigeria,NG,Nigerian naira,"Based on official government statistics released 6 April, 2014, national accounts data have been revised from 2010 onward; the new base year is 2010. The new GDP data are 60 to 75 percent higher than previously reported and incorporate improved data sources and methodology.",Sub-Saharan Africa,Lower middle income,NG,2010,,Value added at basic prices (VAB),Blend,,Country uses the 1993 System of National Accounts methodology.,1971?98,2005,"IMF Balance of Payments Manual, 6th edition.",Actual,General trade system,Budgetary central government,General Data Dissemination System (GDDS),2006,"Demographic and Health Survey (DHS), 2013","Integrated household survey (IHS), 2010",,2013,,2012,2005
PAK,Pakistan,Pakistan,Islamic Republic of Pakistan,PK,Pakistani rupee,Fiscal year end: June 30; reporting period for national accounts data: FY. The new base year is 2005/06.,South Asia,Lower middle income,PK,2005/2006,,Value added at basic prices (VAB),Blend,,Country uses the 1993 System of National Accounts methodology.,,2005,"IMF Balance of Payments Manual, 6th edition.",Actual,General trade system,Budgetary central government,General Data Dissemination System (GDDS),1998,"Demographic and Health Survey (DHS), 2012/13","Integrated household survey (IHS), 2008",,2010,2006,2012,2008
PAN,Panama,Panama,Republic of Panama,PA,Panamanian balboa,,Latin America & Caribbean,Upper middle income,PA,2007,,Value added at basic prices (VAB),IBRD,,Country uses the 1993 System of National Accounts methodology.,,,"IMF Balance of Payments Manual, 6th edition.",Actual,Special trade system,Consolidated central government,General Data Dissemination System (GDDS),2010,"Living Standards Measurement Study Survey (LSMS), 2008","Integrated household survey (IHS), 2011",,2011,2001,2011,2000
PNG,Papua New Guinea,Papua New Guinea,The Independent State of Papua New Guinea,PG,Papua New Guinea kina,,East Asia & Pacific,Lower middle income,PG,1998,,Value added at producer prices (VAP),Blend,,Country uses the 1993 System of National Accounts methodology.,1989,,"IMF Balance of Payments Manual, 6th edition.",Actual,General trade system,Budgetary central government,General Data Dissemination System (GDDS),2011,"Living Standards Measurement Study Survey (LSMS), 1996","Integrated household survey (IHS), 2009/10",,,,2012,2005
PRY,Paraguay,Paraguay,Republic of Paraguay,PY,Paraguayan guarani,"National accounts data have been revised from 1960 onward. The methodology and base year have not changed but the output of two hydroelectric plants (shared with neighboring countries) has been added raising GDP from previous estimates. On the supply side, it was added in ""gas, electricity and water."" On the demand side changes were mainly to exports, but also for imports, investment and consumption. National accounts price valuations for 1991 to 2012 have also been corrected and changed from VAP to VAB.",Latin America & Caribbean,Lower middle income,PY,1994,,Value added at basic prices (VAB),IBRD,,Country uses the 1993 System of National Accounts methodology.,,2005,"IMF Balance of Payments Manual, 6th edition.",Actual,Special trade system,Consolidated central government,General Data Dissemination System (GDDS),2012,"Reproductive Health Survey (RHS), 2008","Integrated household survey (IHS), 2011",,2008,2002,2012,2000
PER,Peru,Peru,Republic of Peru,PE,Peruvian new sol,,Latin America & Caribbean,Upper middle income,PE,2007,,Value added at basic prices (VAB),IBRD,,Country uses the 1993 System of National Accounts methodology.,1985?90,2005,"IMF Balance of Payments Manual, 6th edition.",Actual,Special trade system,Consolidated central government,Special Data Dissemination Standard (SDDS),2007,"Continuous Demographic and Health Survey (DHS), 2013","Integrated household survey (IHS), 2012",,2012,2010,2012,2000
PHL,Philippines,Philippines,Republic of the Philippines,PH,Philippine peso,"Source for GNI and net income from abroad is changed to national statistical office from central bank. April 2012 database update: National accounts data were revised for 1998 onward. Because intellectual property products are now reported as a part of gross fixed capital formation, gross domestic product (GDP) in current prices averaged 4 percent higher than previous estimates.",East Asia & Pacific,Lower middle income,PH,2000,,Value added at producer prices (VAP),IBRD,,Country uses the 1993 System of National Accounts methodology.,,2005,"IMF Balance of Payments Manual, 6th edition.",Actual,General trade system,Budgetary central government,Special Data Dissemination Standard (SDDS),2010,"Demographic and Health Survey (DHS), 2013","Expenditure survey/budget survey (ES/BS), 2012",Yes,2012,2008,2012,2009
ROM,Romania,Romania,Romania,RO,New Romanian leu,National accounts have been revised based on data from the National Statistical Institute; the new base year is 2000.,Europe & Central Asia,Upper middle income,RO,2000,2005,Value added at basic prices (VAB),IBRD,,Country uses the 1993 System of National Accounts methodology.,"1987?89, 1992",Rolling,"IMF Balance of Payments Manual, 6th edition.",Actual,Special trade system,Consolidated central government,Special Data Dissemination Standard (SDDS),2011,"Reproductive Health Survey (RHS), 1999","Labor force survey (LFS), 2010",Yes,2010,2010,2012,2009
RWA,Rwanda,Rwanda,Republic of Rwanda,RW,Rwandan franc,"Based on official government statistics, national accounts data are revised for 2006 onward; the new base year is 2011.",Sub-Saharan Africa,Low income,RW,2011,,Value added at producer prices (VAP),IDA,HIPC,Country uses the 1993 System of National Accounts methodology.,1994,2005,"IMF Balance of Payments Manual, 6th edition.",Actual,General trade system,Budgetary central government,General Data Dissemination System (GDDS),2012,"Malaria Indicator Survey (MIS), 2013","Integrated household survey (IHS), 2011",,2008,,2012,2000
WSM,Samoa,Samoa,Samoa,WS,Samoan tala,Fiscal year ends on June 30; reporting period for national accounts data: FY. Data are revised from Samoa Bureau of Statistics and Central Bank of Samoa.,East Asia & Pacific,Lower middle income,WS,2002,,Value added at basic prices (VAB),IDA,,Country uses the 1993 System of National Accounts methodology.,,,"IMF Balance of Payments Manual, 6th edition.",Actual,Special trade system,Budgetary central government,General Data Dissemination System (GDDS),2011,"Demographic and Health Survey (DHS), 2009",,,2009,,2012,
STP,S?o Tom? and Principe,S?o Tom? and Principe,Democratic Republic of S?o Tom? and Principe,ST,S?o Tom? and Principe dobra,"Based on IMF data, national accounts data have been revised for 2000 onward; the new base year is 2000.",Sub-Saharan Africa,Lower middle income,ST,2000,,Value added at producer prices (VAP),IDA,HIPC,Country uses the 1993 System of National Accounts methodology.,,2005,"IMF Balance of Payments Manual, 6th edition.",Actual,Special trade system,Budgetary central government,General Data Dissemination System (GDDS),2012,"Demographic and Health Survey (DHS), 2008/09","Priority survey (PS), 2009/10",,2011/12,,2012,1993
SEN,Senegal,Senegal,Republic of Senegal,SN,CFA franc,,Sub-Saharan Africa,Lower middle income,SN,1999,1987,Value added at basic prices (VAB),IDA,HIPC,Country uses the 1993 System of National Accounts methodology.,,2005,"IMF Balance of Payments Manual, 6th edition.",Actual,General trade system,Budgetary central government,General Data Dissemination System (GDDS),2013,"Continuous Demographic and Health Survey (DHS), 2013/14; HIV/Maternal and Child Health (HIV/MCH) Service Provision Assessments (SPA), 2013/14","Priority survey (PS), 2010/11",,2013,2010,2012,2002
SRB,Serbia,Serbia,Republic of Serbia,RS,New Serbian dinar,"Montenegro declared independence from Serbia and Montenegro on June 3, 2006. Where available, data for each country are shown separately. However, for Serbia, some indicators, such as those series for which data appear only for Serbia and not Montenegro--e.g., aid, environment, external debt, balance of payments, various social indicators excluding population--continue to include data for Montenegro through 2005. Moreover, data from 1999 onward for Serbia for most indicators exclude data for Kosovo, 1999 being the year when Kosovo became a territory under international administration pursuant to UN Security Council Resolution 1244 (1999); any exceptions are noted. Kosovo became a World Bank member on June 29, 2009; available data are shown separately for Kosovo. In 2011, the Statistical Office of Serbia improved the methodology of national accounts data for 2003 onward. Specifically, the classification of sectors was revised, and GDP is now calculated using chain linked volumes in 2005 prices.",Europe & Central Asia,Upper middle income,YF,Original chained constant price data are rescaled.,2002,Value added at basic prices (VAB),IBRD,,Country uses the 1993 System of National Accounts methodology.,,Rolling,"IMF Balance of Payments Manual, 6th edition.",Actual,Special trade system,Consolidated central government,General Data Dissemination System (GDDS),2011,"Multiple Indicator Cluster Survey (MICS), 2010","Integrated household survey (IHS), 2010",Yes,2012,2010,2011,2009
SYC,Seychelles,Seychelles,Republic of Seychelles,SC,Seychelles rupee,"April 2013 database update: Based on official government statistics, national accounts data were revised for 1976 onward; the base year changed to 2006.",Sub-Saharan Africa,Upper middle income,SC,2006,,Value added at producer prices (VAP),IBRD,,Country uses the 1993 System of National Accounts methodology.,,,"IMF Balance of Payments Manual, 6th edition.",Actual,General trade system,Consolidated central government,General Data Dissemination System (GDDS),2010,,"Budget survey (BS), 2006/07",Yes,2011,,2008,2005
SLE,Sierra Leone,Sierra Leone,Republic of Sierra Leone,SL,Sierra Leonean leone,"Fiscal year end: June 30; reporting period for national accounts data: CY. April 2013 database update: Based on official government statistics, national accounts data were revised for 1990 onward; the base year changed to 2006.",Sub-Saharan Africa,Low income,SL,2006,,Value added at basic prices (VAB),IDA,HIPC,Country uses the 1993 System of National Accounts methodology.,,2005,"IMF Balance of Payments Manual, 6th edition.",Actual,Special trade system,Budgetary central government,General Data Dissemination System (GDDS),2004,"Demographic and Health Survey (DHS), 2013; Malaria Indicator Survey (MIS), 2013","Integrated household survey (IHS), 2011",,,,2002,2005
SLB,Solomon Islands,Solomon Islands,Solomon Islands,SB,Solomon Islands dollar,National accounts data have been revised from 2007 to 2013 based on IMF reports.,East Asia & Pacific,Lower middle income,SB,2004,,Value added at basic prices (VAB),IDA,,Country uses the 1993 System of National Accounts methodology.,,,"IMF Balance of Payments Manual, 6th edition.",Actual,Special trade system,,General Data Dissemination System (GDDS),2009,,"Integrated household survey (IHS), 2005/06",,2012/13,,2012,
SOM,Somalia,Somalia,Somali Democratic Republic,SO,Somali shilling,,Sub-Saharan Africa,Low income,SO,1985,,Value added at basic prices (VAB),IDA,HIPC,Country uses the 1968 System of National Accounts methodology.,1977?90,,,Estimate,,,,1987,"Multiple Indicator Cluster Survey (MICS), 2006",,,,,1983,2003
ZAF,South Africa,South Africa,Republic of South Africa,ZA,South African rand,Fiscal year end: March 31; reporting period for national accounts data: CY.,Sub-Saharan Africa,Upper middle income,ZA,2005,,Value added at basic prices (VAB),IBRD,,Country uses the 1993 System of National Accounts methodology.,,2005,"IMF Balance of Payments Manual, 6th edition.",Preliminary,General trade system,Consolidated central government,Special Data Dissemination Standard (SDDS),2011,"Demographic and Health Survey (DHS), 2003; World Health Survey (WHS), 2003","Expenditure survey/budget survey (ES/BS), 2010",,2007,2010,2012,2000
SAS,South Asia,South Asia,South Asia,8S,,South Asia regional aggregate. There are no economies in South Asia classified as high income.,,,8S,,,,,,,,,,,,,,,,,,,,,
LKA,Sri Lanka,Sri Lanka,Democratic Socialist Republic of Sri Lanka,LK,Sri Lankan rupee,,South Asia,Lower middle income,LK,2002,,Value added at producer prices (VAP),Blend,,Country uses the 1993 System of National Accounts methodology.,,2005,"IMF Balance of Payments Manual, 6th edition.",Actual,General trade system,Budgetary central government,General Data Dissemination System (GDDS),2012,"Demographic and Health Survey (DHS), 2006/07","Expenditure survey/budget survey (ES/BS), 2010",Yes,2013/ 2014,2010,2012,2005
LCA,St. Lucia,St. Lucia,St. Lucia,LC,East Caribbean dollar,"April 2012 database update: Based on official government statistics, national accounts data were revised for 2000 onward; the base year changed to 2006.",Latin America & Caribbean,Upper middle income,LC,2006,,Value added at basic prices (VAB),Blend,,Country uses the 1968 System of National Accounts methodology.,,,"IMF Balance of Payments Manual, 6th edition.",Actual,Special trade system,Budgetary central government,General Data Dissemination System (GDDS),2010,"Multiple Indicator Cluster Survey (MICS), 2012","Integrated household survey (IHS), 1995",Yes,2007,,2008,2005
VCT,St. Vincent and the Grenadines,St. Vincent and the Grenadines,St. Vincent and the Grenadines,VC,East Caribbean dollar,"April 2012 database update: Based on official government statistics, national accounts data were revised for 2000 onward; the base year changed to 2006.",Latin America & Caribbean,Upper middle income,VC,2006,,Value added at basic prices (VAB),Blend,,Country uses the 1993 System of National Accounts methodology.,,,"IMF Balance of Payments Manual, 6th edition.",Actual,Special trade system,Budgetary central government,General Data Dissemination System (GDDS),2011,,,Yes,,,2012,1995
SSA,Sub-Saharan Africa (developing only),Sub-Saharan Africa,Sub-Saharan Africa (developing only),ZF,,Sub-Saharan Africa regional aggregate (does not include high-income economies).,,,ZF,,,,,,,,,,,,,,,,,,,,,
SDN,Sudan,Sudan,Republic of the Sudan,SD,Sudanese pound,"Total population data are reported separately for Sudan and South Sudan; see specific notes for other demographic-related series. National accounts data exclude South Sudan after July 9, 2011. Other data reported for Sudan include South Sudan unless otherwise noted.",Sub-Saharan Africa,Lower middle income,SD,1981/82. Reporting period switch from fiscal year to calendar year from 1996. Pre-1996 data converted to calendar year.,1996,Value added at basic prices (VAB),IDA,HIPC,Country uses the 1968 System of National Accounts methodology.,,2005,"IMF Balance of Payments Manual, 6th edition.",Preliminary,General trade system,Budgetary central government,General Data Dissemination System (GDDS),2008,"Sudan Household Health Survey (SHHS), 2010","Expenditure survey/budget survey (ES/BS), 2009",,2013/ 2014,2001,2011,2005. Includes South Sudan.
SWZ,Swaziland,Swaziland,Kingdom of Swaziland,SZ,Swaziland lilangeni,"Fiscal year end: March 31; reporting period for national accounts data: CY. In 2011, the Central Statistical Office revised national accounts data for 1990 onward.",Sub-Saharan Africa,Lower middle income,SZ,2000,,Value added at basic prices (VAB),IBRD,,Country uses the 1993 System of National Accounts methodology.,,2005,"IMF Balance of Payments Manual, 6th edition.",Actual,General trade system,Consolidated central government,General Data Dissemination System (GDDS),2007,"Multiple Indicator Cluster Survey (MICS), 2010","Expenditure survey/budget survey (ES/BS), 2009/10",,2007. Population and Housing Census.,,2007,2000
SYR,Syrian Arab Republic,Syrian Arab Republic,Syrian Arab Republic,SY,Syrian pound,"April 2013 database update: Based on data from the Central Bureau of Statistics, national accounts data were revised for 2003 onward.",Middle East & North Africa,Lower middle income,SY,2000,,Value added at basic prices (VAB),IBRD,,Country uses the 1968 System of National Accounts methodology.,1970?2010,2005,"IMF Balance of Payments Manual, 6th edition.",Estimate,Special trade system,Budgetary central government,General Data Dissemination System (GDDS),2004,"Multiple Indicator Cluster Survey (MICS), 2006","Expenditure survey/budget survey (ES/BS), 2004",,2014,2009,2010,2005
TJK,Tajikistan,Tajikistan,Republic of Tajikistan,TJ,Tajik somoni,,Europe & Central Asia,Low income,TJ,Original chained constant price data are rescaled.,2000,Value added at basic prices (VAB),IDA,,Country uses the 1993 System of National Accounts methodology.,1990?95,2005,"IMF Balance of Payments Manual, 6th edition.",Actual,General trade system,Consolidated central government,General Data Dissemination System (GDDS),2010,"Demographic and Health Survey (DHS), 2012","Living Standards Measurement Study Survey (LSMS), 2009",,2013,,2000,2006
TZA,Tanzania,Tanzania,United Republic of Tanzania,TZ,Tanzanian shilling,,Sub-Saharan Africa,Low income,TZ,Original chained constant price data are rescaled.,2001,Value added at basic prices (VAB),IDA,HIPC,Country uses the 1993 System of National Accounts methodology.,,2005,"IMF Balance of Payments Manual, 6th edition.",Actual,General trade system,Budgetary central government,General Data Dissemination System (GDDS),2012,"HIV/Maternal and Child Health (HIV/MCH) Service Provision Assessments (SPA), 2013/14","Expenditure survey/budget survey (ES/BS), 2011/12",,2007/08,2007,2012,2002
THA,Thailand,Thailand,Kingdom of Thailand,TH,Thai baht,Fiscal year end: September 30; reporting period for national accounts data: CY.,East Asia & Pacific,Upper middle income,TH,1988,,Value added at producer prices (VAP),IBRD,,Country uses the 1993 System of National Accounts methodology.,,2005,"IMF Balance of Payments Manual, 6th edition.",Actual,Special trade system,Consolidated central government,Special Data Dissemination Standard (SDDS),2010,"Multiple Indicator Cluster Survey (MICS), 2012","Integrated household survey (IHS), 2011",,2013,2006,2012,2007
GMB,The Gambia,"Gambia, The",Republic of The Gambia,GM,Gambian dalasi,"Fiscal year end: June 30; reporting period for national accounts data: CY. April 2013 database update: Based on official government statistics, national accounts data were revised for 2004 onward; the base year changed to 2004.",Sub-Saharan Africa,Low income,GM,2004,,Value added at producer prices (VAP),IDA,HIPC,Country uses the 1993 System of National Accounts methodology.,,2005,"IMF Balance of Payments Manual, 6th edition.",Actual,General trade system,Budgetary central government,General Data Dissemination System (GDDS),2013,"Demographic and Health Survey (DHS), 2013","Integrated household survey (IHS), 2010",,2001/02,2004,2011,2000
TGO,Togo,Togo,Republic of Togo,TG,CFA franc,"April 2013 database update: Based on IMF data, national accounts data have been revised for 2000; the new base year is 2000.",Sub-Saharan Africa,Low income,TG,2000,,Value added at producer prices (VAP),IDA,HIPC,Country uses the 1968 System of National Accounts methodology.,,2005,"IMF Balance of Payments Manual, 6th edition.",Actual,Special trade system,Budgetary central government,General Data Dissemination System (GDDS),2010,"Demographic and Health Survey (DHS), 2013","Core Welfare Indicator Questionnaire Survey (CWIQ), 2011",,2011/2012,,2012,2002
TON,Tonga,Tonga,Kingdom of Tonga,TO,Tongan pa'anga,"Fiscal year ends on June 30; reporting period for national accounts data: FY. April 2013 database update: Based on data from the National Bureau of Statistics, national accounts data were revised; the base year changed to 2010/11.",East Asia & Pacific,Upper middle income,TO,2010/11,,Value added at basic prices (VAB),IDA,,Country uses the 1993 System of National Accounts methodology.,,,"IMF Balance of Payments Manual, 6th edition.",Actual,General trade system,,General Data Dissemination System (GDDS),2006,,2013 national accounts estimates are based on IMF reports.,,,,2012,
TUN,Tunisia,Tunisia,Republic of Tunisia,TN,Tunisian dinar,"National accounts data from 2005 onward have been revised based on data published by the Tunisian authorities. April 2012 database update: Based on data from the Central Bank and its Statistical Bulletin, national accounts data were revised for 1997 onward.",Middle East & North Africa,Upper middle income,TN,2005,,Value added at basic prices (VAB),IBRD,,Country uses the 1993 System of National Accounts methodology.,,2005,"IMF Balance of Payments Manual, 6th edition.",Actual,General trade system,Consolidated central government,Special Data Dissemination Standard (SDDS),2004,"Multiple Indicator Cluster Survey (MICS), 2011/12","Integrated household survey (IHS), 2010",,2014/ 2015,2006,2011,2001
TUR,Turkey,Turkey,Republic of Turkey,TR,New Turkish lira,,Europe & Central Asia,Upper middle income,TR,1998,,Value added at basic prices (VAB),IBRD,,Country uses the 1993 System of National Accounts methodology.,,Rolling,"IMF Balance of Payments Manual, 6th edition.",Actual,Special trade system,Consolidated central government,Special Data Dissemination Standard (SDDS),2011,"Demographic and Health Survey (DHS), 2003; World Health Survey (WHS), 2003","Labor force survey (LFS), 2009",,,2009,2012,2003
TKM,Turkmenistan,Turkmenistan,Turkmenistan,TM,New Turkmen manat,"On January 1, 2009, the Turkmen manat was redenominated (1 new manat = 5,000 old manats).",Europe & Central Asia,Upper middle income,TM,2005,2005,Value added at basic prices (VAB),IBRD,,Country uses the 1993 System of National Accounts methodology.,"1987?95, 1997?2007",,"IMF Balance of Payments Manual, 6th edition.",Estimate,General trade system,,,2012,"Multiple Indicator Cluster Survey (MICS), 2011","Living Standards Measurement Study Survey (LSMS), 1998",Yes,,,2000,2004
UGA,Uganda,Uganda,Republic of Uganda,UG,Ugandan shilling,"Fiscal year end: June 30; reporting period for national accounts data: FY. In 2011, the Bureau of Statistics revised national accounts series for 1998 onward; the base year for constant price series changed to 2001/02.",Sub-Saharan Africa,Low income,UG,2001/02,,Value added at basic prices (VAB),IDA,HIPC,Country uses the 1968 System of National Accounts methodology.,,2005,"IMF Balance of Payments Manual, 6th edition.",Actual,General trade system,Budgetary central government,General Data Dissemination System (GDDS),2002,"HIV/AIDS Indicator Survey (AIS), 2011; Demographic and Health Survey (DHS), 2011","Priority survey (PS), 2009/10",,2008/ 2009,2000,2012,2002
UKR,Ukraine,Ukraine,Ukraine,UA,Ukrainian hryvnia,,Europe & Central Asia,Lower middle income,UA,Original chained constant price data are rescaled.,2003,Value added at basic prices (VAB),IBRD,,Country uses the 1993 System of National Accounts methodology.,1987?95,2005,"IMF Balance of Payments Manual, 6th edition.",Actual,General trade system,Consolidated central government,Special Data Dissemination Standard (SDDS),2001,"Multiple Indicator Cluster Survey (MICS), 2012","Expenditure survey/budget survey (ES/BS), 2009",Yes,2012 /2013,2004,2012,2005
UMC,Upper middle income,Upper middle income,Upper middle income,XT,,"Upper middle income group aggregate. Upper-middle-income economies are those in which 2013 GNI per capita was between $4,126 and $12,745.",,,XT,,,,,,,,,,,,,,,,,,,,,
UZB,Uzbekistan,Uzbekistan,Republic of Uzbekistan,UZ,Uzbek sum,,Europe & Central Asia,Lower middle income,UZ,Original chained constant price data are rescaled.,1997,Value added at basic prices (VAB),Blend,,Country uses the 1993 System of National Accounts methodology.,1990?95,,"IMF Balance of Payments Manual, 6th edition.",Actual,General trade system,,,1989,"Multiple Indicator Cluster Survey (MICS), 2006","Expenditure survey/budget survey (ES/BS), 2011",Yes,,,,2005
VUT,Vanuatu,Vanuatu,Republic of Vanuatu,VU,Vanuatu vatu,"Based on official government statistics, value added is measured at producer prices through 1997 and at basic prices from 1998 onward.",East Asia & Pacific,Lower middle income,VU,2006,,Value added at basic prices (VAB),IDA,,Country uses the 1993 System of National Accounts methodology.,,,"IMF Balance of Payments Manual, 6th edition.",Estimate,General trade system,Budgetary central government,General Data Dissemination System (GDDS),2009,"Multiple Indicator Cluster Survey (MICS), 2007",2013 national accounts estimates are based on IMF reports.,,2007,,2011,
VEN,Venezuela,"Venezuela, RB",Rep?blica Bolivariana de Venezuela,VE,Venezuelan bolivar fuerte,,Latin America & Caribbean,Upper middle income,VE,1997,,Value added at basic prices (VAB),IBRD,,Country uses the 1993 System of National Accounts methodology.,,2005,"IMF Balance of Payments Manual, 6th edition.",Actual,General trade system,Consolidated central government,General Data Dissemination System (GDDS),2011,"Multiple Indicator Cluster Survey (MICS), 2000","Integrated household survey (IHS), 2012",Yes,2007,,2011,2000
VNM,Vietnam,Vietnam,Socialist Republic of Vietnam,VN,Vietnamese dong,"Based on data from the Vietnam Statistics Office, national accounts data have been revised from 2000 onward; the new base year is 2010.",East Asia & Pacific,Lower middle income,VN,2010,,Value added at producer prices (VAP),Blend,,Country uses the 1993 System of National Accounts methodology.,1991,2005,"IMF Balance of Payments Manual, 6th edition.",Actual,General trade system,,General Data Dissemination System (GDDS),2009,"Multiple Indicator Cluster Survey (MICS), 2010/11","Integrated household survey (IHS), 2010",Yes,2011/ 2012,2010,2011,2005
YEM,Yemen,"Yemen, Rep.",Republic of Yemen,YE,Yemeni rial,"Based on official government statistics and International Monetary Fund data, national accounts data have been revised for 1990 onward.",Middle East & North Africa,Lower middle income,RY,2007,,Value added at producer prices (VAP),IDA,,Country uses the 1993 System of National Accounts methodology.,1990?96,2005,"IMF Balance of Payments Manual, 6th edition.",Actual,Special trade system,Budgetary central government,General Data Dissemination System (GDDS),2004,"Demographic and Health Survey (DHS), 2013","Expenditure survey/budget survey (ES/BS), 2005",,,2006,2012,2005
ZMB,Zambia,Zambia,Republic of Zambia,ZM,New Zambian kwacha,"National accounts data have rebased to reflect the January 1, 2013, introduction of the new Zambian kwacha at a rate of 1,000 old kwacha = 1 new kwacha.",Sub-Saharan Africa,Lower middle income,ZM,1994,,Value added at basic prices (VAB),IDA,HIPC,Country uses the 1968 System of National Accounts methodology.,1990?92,2005,"IMF Balance of Payments Manual, 6th edition.",Preliminary,Special trade system,Budgetary central government,General Data Dissemination System (GDDS),2010,"Demographic and Health Survey (DHS), 2013","Integrated household survey (IHS), 2010",,2010. Population and Housing Census.,,2011,2002
ZWE,Zimbabwe,Zimbabwe,Republic of Zimbabwe,ZW,U.S. dollar,"Fiscal year end: June 30; reporting period for national accounts data: CY. As of January 2009, multiple hard currencies, such as rand, pound sterling, euro and U.S. dollar are in use. Data are reported in U.S. dollars, the most-used currency.",Sub-Saharan Africa,Low income,ZW,2009,,Value added at basic prices (VAB),Blend,,Country uses the 1993 System of National Accounts methodology.,"1991, 1998",2005,"IMF Balance of Payments Manual, 6th edition.",Actual,General trade system,Consolidated central government,General Data Dissemination System (GDDS),2012,"Demographic and Health Survey (DHS), 2010/11","Integrated household survey (IHS), 2011/12",,,,2012,2002
