CountryCode,SeriesCode,Description
TZA,DT.DOD.DPPG.CD,Data include debt liabilities of Zanzibar.
UGA,BX.KLT.DINV.CD.DT,Data on Foreign Direct Investment are based on Balance of Payments reported by the International Monetary Fund. Unless otherwise specified in the specific years.
TZA,BX.KLT.DINV.CD.DT,Data on Foreign Direct Investment are based on Balance of Payments reported by the International Monetary Fund. Unless otherwise specified in the specific years.
UKR,BX.KLT.DINV.CD.DT,Data on Foreign Direct Investment are based on Balance of Payments reported by the International Monetary Fund. Unless otherwise specified in the specific years.
UMC,BX.KLT.DINV.CD.DT,Data on Foreign Direct Investment are based on Balance of Payments reported by the International Monetary Fund. Unless otherwise specified in the specific years.
UZB,BX.KLT.DINV.CD.DT,Data on Foreign Direct Investment are based on Balance of Payments reported by the International Monetary Fund. Unless otherwise specified in the specific years.
VCT,BX.KLT.DINV.CD.DT,Data on Foreign Direct Investment are based on Balance of Payments reported by the International Monetary Fund. Unless otherwise specified in the specific years.
VEN,BX.KLT.DINV.CD.DT,Data on Foreign Direct Investment are based on Balance of Payments reported by the International Monetary Fund. Unless otherwise specified in the specific years.
VNM,BX.KLT.DINV.CD.DT,Data on Foreign Direct Investment are based on Balance of Payments reported by the International Monetary Fund. Unless otherwise specified in the specific years.
VUT,BX.KLT.DINV.CD.DT,Data on Foreign Direct Investment are based on Balance of Payments reported by the International Monetary Fund. Unless otherwise specified in the specific years.
WSM,BX.KLT.DINV.CD.DT,Data on Foreign Direct Investment are based on Balance of Payments reported by the International Monetary Fund. Unless otherwise specified in the specific years.
YEM,BX.KLT.DINV.CD.DT,Data on Foreign Direct Investment are based on Balance of Payments reported by the International Monetary Fund. Unless otherwise specified in the specific years.
ZAF,BX.KLT.DINV.CD.DT,Data on Foreign Direct Investment are based on Balance of Payments reported by the International Monetary Fund. Unless otherwise specified in the specific years.
ZAR,BX.KLT.DINV.CD.DT,Data on Foreign Direct Investment are based on Balance of Payments reported by the International Monetary Fund. Unless otherwise specified in the specific years.
ZMB,BX.KLT.DINV.CD.DT,Data on Foreign Direct Investment are based on Balance of Payments reported by the International Monetary Fund. Unless otherwise specified in the specific years.
ZWE,BX.KLT.DINV.CD.DT,Data on Foreign Direct Investment are based on Balance of Payments reported by the International Monetary Fund. Unless otherwise specified in the specific years.
SLE,BX.KLT.DINV.CD.DT,Data on Foreign Direct Investment are based on Balance of Payments reported by the International Monetary Fund. Unless otherwise specified in the specific years.
SLV,BX.KLT.DINV.CD.DT,Data on Foreign Direct Investment are based on Balance of Payments reported by the International Monetary Fund. Unless otherwise specified in the specific years.
SOM,BX.KLT.DINV.CD.DT,Data on Foreign Direct Investment are based on Balance of Payments reported by the International Monetary Fund. Unless otherwise specified in the specific years.
SRB,BX.KLT.DINV.CD.DT,Data on Foreign Direct Investment are based on Balance of Payments reported by the International Monetary Fund. Unless otherwise specified in the specific years.
SSA,BX.KLT.DINV.CD.DT,Data on Foreign Direct Investment are based on Balance of Payments reported by the International Monetary Fund. Unless otherwise specified in the specific years.
STP,BX.KLT.DINV.CD.DT,Data on Foreign Direct Investment are based on Balance of Payments reported by the International Monetary Fund. Unless otherwise specified in the specific years.
SWZ,BX.KLT.DINV.CD.DT,Data on Foreign Direct Investment are based on Balance of Payments reported by the International Monetary Fund. Unless otherwise specified in the specific years.
SYC,BX.KLT.DINV.CD.DT,Data on Foreign Direct Investment are based on Balance of Payments reported by the International Monetary Fund. Unless otherwise specified in the specific years.
SYR,BX.KLT.DINV.CD.DT,Data on Foreign Direct Investment are based on Balance of Payments reported by the International Monetary Fund. Unless otherwise specified in the specific years.
TCD,BX.KLT.DINV.CD.DT,Data on Foreign Direct Investment are based on Balance of Payments reported by the International Monetary Fund. Unless otherwise specified in the specific years.
TGO,BX.KLT.DINV.CD.DT,Data on Foreign Direct Investment are based on Balance of Payments reported by the International Monetary Fund. Unless otherwise specified in the specific years.
THA,BX.KLT.DINV.CD.DT,Data on Foreign Direct Investment are based on Balance of Payments reported by the International Monetary Fund. Unless otherwise specified in the specific years.
TJK,BX.KLT.DINV.CD.DT,Data on Foreign Direct Investment are based on Balance of Payments reported by the International Monetary Fund. Unless otherwise specified in the specific years.
TKM,BX.KLT.DINV.CD.DT,Data on Foreign Direct Investment are based on Balance of Payments reported by the International Monetary Fund. Unless otherwise specified in the specific years.
TON,BX.KLT.DINV.CD.DT,Data on Foreign Direct Investment are based on Balance of Payments reported by the International Monetary Fund. Unless otherwise specified in the specific years.
TUN,BX.KLT.DINV.CD.DT,Data on Foreign Direct Investment are based on Balance of Payments reported by the International Monetary Fund. Unless otherwise specified in the specific years.
TUR,BX.KLT.DINV.CD.DT,Data on Foreign Direct Investment are based on Balance of Payments reported by the International Monetary Fund. Unless otherwise specified in the specific years.
LMC,BX.KLT.DINV.CD.DT,Data on Foreign Direct Investment are based on Balance of Payments reported by the International Monetary Fund. Unless otherwise specified in the specific years.
LMY,BX.KLT.DINV.CD.DT,Data on Foreign Direct Investment are based on Balance of Payments reported by the International Monetary Fund. Unless otherwise specified in the specific years.
LSO,BX.KLT.DINV.CD.DT,Data on Foreign Direct Investment are based on Balance of Payments reported by the International Monetary Fund. Unless otherwise specified in the specific years.
MAR,BX.KLT.DINV.CD.DT,Data on Foreign Direct Investment are based on Balance of Payments reported by the International Monetary Fund. Unless otherwise specified in the specific years.
MDA,BX.KLT.DINV.CD.DT,Data on Foreign Direct Investment are based on Balance of Payments reported by the International Monetary Fund. Unless otherwise specified in the specific years.
MDG,BX.KLT.DINV.CD.DT,Data on Foreign Direct Investment are based on Balance of Payments reported by the International Monetary Fund. Unless otherwise specified in the specific years.
MDV,BX.KLT.DINV.CD.DT,Data on Foreign Direct Investment are based on Balance of Payments reported by the International Monetary Fund. Unless otherwise specified in the specific years.
MEX,BX.KLT.DINV.CD.DT,Data on Foreign Direct Investment are based on Balance of Payments reported by the International Monetary Fund. Unless otherwise specified in the specific years.
MIC,BX.KLT.DINV.CD.DT,Data on Foreign Direct Investment are based on Balance of Payments reported by the International Monetary Fund. Unless otherwise specified in the specific years.
MKD,BX.KLT.DINV.CD.DT,Data on Foreign Direct Investment are based on Balance of Payments reported by the International Monetary Fund. Unless otherwise specified in the specific years.
MLI,BX.KLT.DINV.CD.DT,Data on Foreign Direct Investment are based on Balance of Payments reported by the International Monetary Fund. Unless otherwise specified in the specific years.
MMR,BX.KLT.DINV.CD.DT,Data on Foreign Direct Investment are based on Balance of Payments reported by the International Monetary Fund. Unless otherwise specified in the specific years.
MNA,BX.KLT.DINV.CD.DT,Data on Foreign Direct Investment are based on Balance of Payments reported by the International Monetary Fund. Unless otherwise specified in the specific years.
MNE,BX.KLT.DINV.CD.DT,Data on Foreign Direct Investment are based on Balance of Payments reported by the International Monetary Fund. Unless otherwise specified in the specific years.
MNG,BX.KLT.DINV.CD.DT,Data on Foreign Direct Investment are based on Balance of Payments reported by the International Monetary Fund. Unless otherwise specified in the specific years.
MOZ,BX.KLT.DINV.CD.DT,Data on Foreign Direct Investment are based on Balance of Payments reported by the International Monetary Fund. Unless otherwise specified in the specific years.
MRT,BX.KLT.DINV.CD.DT,Data on Foreign Direct Investment are based on Balance of Payments reported by the International Monetary Fund. Unless otherwise specified in the specific years.
MUS,BX.KLT.DINV.CD.DT,Data on Foreign Direct Investment are based on Balance of Payments reported by the International Monetary Fund. Unless otherwise specified in the specific years.
MWI,BX.KLT.DINV.CD.DT,Data on Foreign Direct Investment are based on Balance of Payments reported by the International Monetary Fund. Unless otherwise specified in the specific years.
MYS,BX.KLT.DINV.CD.DT,Data on Foreign Direct Investment are based on Balance of Payments reported by the International Monetary Fund. Unless otherwise specified in the specific years.
NER,BX.KLT.DINV.CD.DT,Data on Foreign Direct Investment are based on Balance of Payments reported by the International Monetary Fund. Unless otherwise specified in the specific years.
NGA,BX.KLT.DINV.CD.DT,Data on Foreign Direct Investment are based on Balance of Payments reported by the International Monetary Fund. Unless otherwise specified in the specific years.
NIC,BX.KLT.DINV.CD.DT,Data on Foreign Direct Investment are based on Balance of Payments reported by the International Monetary Fund. Unless otherwise specified in the specific years.
NPL,BX.KLT.DINV.CD.DT,Data on Foreign Direct Investment are based on Balance of Payments reported by the International Monetary Fund. Unless otherwise specified in the specific years.
PAK,BX.KLT.DINV.CD.DT,Data on Foreign Direct Investment are based on Balance of Payments reported by the International Monetary Fund. Unless otherwise specified in the specific years.
PAN,BX.KLT.DINV.CD.DT,Data on Foreign Direct Investment are based on Balance of Payments reported by the International Monetary Fund. Unless otherwise specified in the specific years.
PER,BX.KLT.DINV.CD.DT,Data on Foreign Direct Investment are based on Balance of Payments reported by the International Monetary Fund. Unless otherwise specified in the specific years.
PHL,BX.KLT.DINV.CD.DT,Data on Foreign Direct Investment are based on Balance of Payments reported by the International Monetary Fund. Unless otherwise specified in the specific years.
PNG,BX.KLT.DINV.CD.DT,Data on Foreign Direct Investment are based on Balance of Payments reported by the International Monetary Fund. Unless otherwise specified in the specific years.
PRY,BX.KLT.DINV.CD.DT,Data on Foreign Direct Investment are based on Balance of Payments reported by the International Monetary Fund. Unless otherwise specified in the specific years.
ROM,BX.KLT.DINV.CD.DT,Data on Foreign Direct Investment are based on Balance of Payments reported by the International Monetary Fund. Unless otherwise specified in the specific years.
RWA,BX.KLT.DINV.CD.DT,Data on Foreign Direct Investment are based on Balance of Payments reported by the International Monetary Fund. Unless otherwise specified in the specific years.
SAS,BX.KLT.DINV.CD.DT,Data on Foreign Direct Investment are based on Balance of Payments reported by the International Monetary Fund. Unless otherwise specified in the specific years.
SDN,BX.KLT.DINV.CD.DT,Data on Foreign Direct Investment are based on Balance of Payments reported by the International Monetary Fund. Unless otherwise specified in the specific years.
SEN,BX.KLT.DINV.CD.DT,Data on Foreign Direct Investment are based on Balance of Payments reported by the International Monetary Fund. Unless otherwise specified in the specific years.
SLB,BX.KLT.DINV.CD.DT,Data on Foreign Direct Investment are based on Balance of Payments reported by the International Monetary Fund. Unless otherwise specified in the specific years.
AFG,BX.KLT.DINV.CD.DT,Data on Foreign Direct Investment are based on Balance of Payments reported by the International Monetary Fund. Unless otherwise specified in the specific years.
AGO,BX.KLT.DINV.CD.DT,Data on Foreign Direct Investment are based on Balance of Payments reported by the International Monetary Fund. Unless otherwise specified in the specific years.
ALB,BX.KLT.DINV.CD.DT,Data on Foreign Direct Investment are based on Balance of Payments reported by the International Monetary Fund. Unless otherwise specified in the specific years.
ARG,BX.KLT.DINV.CD.DT,Data on Foreign Direct Investment are based on Balance of Payments reported by the International Monetary Fund. Unless otherwise specified in the specific years.
ARM,BX.KLT.DINV.CD.DT,Data on Foreign Direct Investment are based on Balance of Payments reported by the International Monetary Fund. Unless otherwise specified in the specific years.
AZE,BX.KLT.DINV.CD.DT,Data on Foreign Direct Investment are based on Balance of Payments reported by the International Monetary Fund. Unless otherwise specified in the specific years.
BDI,BX.KLT.DINV.CD.DT,Data on Foreign Direct Investment are based on Balance of Payments reported by the International Monetary Fund. Unless otherwise specified in the specific years.
BEN,BX.KLT.DINV.CD.DT,Data on Foreign Direct Investment are based on Balance of Payments reported by the International Monetary Fund. Unless otherwise specified in the specific years.
BFA,BX.KLT.DINV.CD.DT,Data on Foreign Direct Investment are based on Balance of Payments reported by the International Monetary Fund. Unless otherwise specified in the specific years.
BGD,BX.KLT.DINV.CD.DT,Data on Foreign Direct Investment are based on Balance of Payments reported by the International Monetary Fund. Unless otherwise specified in the specific years.
BGR,BX.KLT.DINV.CD.DT,Data on Foreign Direct Investment are based on Balance of Payments reported by the International Monetary Fund. Unless otherwise specified in the specific years.
BIH,BX.KLT.DINV.CD.DT,Data on Foreign Direct Investment are based on Balance of Payments reported by the International Monetary Fund. Unless otherwise specified in the specific years.
BLR,BX.KLT.DINV.CD.DT,Data on Foreign Direct Investment are based on Balance of Payments reported by the International Monetary Fund. Unless otherwise specified in the specific years.
BLZ,BX.KLT.DINV.CD.DT,Data on Foreign Direct Investment are based on Balance of Payments reported by the International Monetary Fund. Unless otherwise specified in the specific years.
BOL,BX.KLT.DINV.CD.DT,Data on Foreign Direct Investment are based on Balance of Payments reported by the International Monetary Fund. Unless otherwise specified in the specific years.
BRA,BX.KLT.DINV.CD.DT,Data on Foreign Direct Investment are based on Balance of Payments reported by the International Monetary Fund. Unless otherwise specified in the specific years.
BTN,BX.KLT.DINV.CD.DT,Data on Foreign Direct Investment are based on Balance of Payments reported by the International Monetary Fund. Unless otherwise specified in the specific years.
BWA,BX.KLT.DINV.CD.DT,Data on Foreign Direct Investment are based on Balance of Payments reported by the International Monetary Fund. Unless otherwise specified in the specific years.
CAF,BX.KLT.DINV.CD.DT,Data on Foreign Direct Investment are based on Balance of Payments reported by the International Monetary Fund. Unless otherwise specified in the specific years.
CHN,BX.KLT.DINV.CD.DT,Data on Foreign Direct Investment are based on Balance of Payments reported by the International Monetary Fund. Unless otherwise specified in the specific years.
CIV,BX.KLT.DINV.CD.DT,Data on Foreign Direct Investment are based on Balance of Payments reported by the International Monetary Fund. Unless otherwise specified in the specific years.
CMR,BX.KLT.DINV.CD.DT,Data on Foreign Direct Investment are based on Balance of Payments reported by the International Monetary Fund. Unless otherwise specified in the specific years.
COG,BX.KLT.DINV.CD.DT,Data on Foreign Direct Investment are based on Balance of Payments reported by the International Monetary Fund. Unless otherwise specified in the specific years.
COL,BX.KLT.DINV.CD.DT,Data on Foreign Direct Investment are based on Balance of Payments reported by the International Monetary Fund. Unless otherwise specified in the specific years.
COM,BX.KLT.DINV.CD.DT,Data on Foreign Direct Investment are based on Balance of Payments reported by the International Monetary Fund. Unless otherwise specified in the specific years.
CPV,BX.KLT.DINV.CD.DT,Data on Foreign Direct Investment are based on Balance of Payments reported by the International Monetary Fund. Unless otherwise specified in the specific years.
CRI,BX.KLT.DINV.CD.DT,Data on Foreign Direct Investment are based on Balance of Payments reported by the International Monetary Fund. Unless otherwise specified in the specific years.
DJI,BX.KLT.DINV.CD.DT,Data on Foreign Direct Investment are based on Balance of Payments reported by the International Monetary Fund. Unless otherwise specified in the specific years.
DMA,BX.KLT.DINV.CD.DT,Data on Foreign Direct Investment are based on Balance of Payments reported by the International Monetary Fund. Unless otherwise specified in the specific years.
DOM,BX.KLT.DINV.CD.DT,Data on Foreign Direct Investment are based on Balance of Payments reported by the International Monetary Fund. Unless otherwise specified in the specific years.
EAP,BX.KLT.DINV.CD.DT,Data on Foreign Direct Investment are based on Balance of Payments reported by the International Monetary Fund. Unless otherwise specified in the specific years.
ECA,BX.KLT.DINV.CD.DT,Data on Foreign Direct Investment are based on Balance of Payments reported by the International Monetary Fund. Unless otherwise specified in the specific years.
ECU,BX.KLT.DINV.CD.DT,Data on Foreign Direct Investment are based on Balance of Payments reported by the International Monetary Fund. Unless otherwise specified in the specific years.
DZA,BX.KLT.DINV.CD.DT,Data on Foreign Direct Investment are based on Balance of Payments reported by the International Monetary Fund. Unless otherwise specified in the specific years.
EGY,BX.KLT.DINV.CD.DT,Data on Foreign Direct Investment are based on Balance of Payments reported by the International Monetary Fund. Unless otherwise specified in the specific years.
ERI,BX.KLT.DINV.CD.DT,Data on Foreign Direct Investment are based on Balance of Payments reported by the International Monetary Fund. Unless otherwise specified in the specific years.
ETH,BX.KLT.DINV.CD.DT,Data on Foreign Direct Investment are based on Balance of Payments reported by the International Monetary Fund. Unless otherwise specified in the specific years.
FJI,BX.KLT.DINV.CD.DT,Data on Foreign Direct Investment are based on Balance of Payments reported by the International Monetary Fund. Unless otherwise specified in the specific years.
GAB,BX.KLT.DINV.CD.DT,Data on Foreign Direct Investment are based on Balance of Payments reported by the International Monetary Fund. Unless otherwise specified in the specific years.
GEO,BX.KLT.DINV.CD.DT,Data on Foreign Direct Investment are based on Balance of Payments reported by the International Monetary Fund. Unless otherwise specified in the specific years.
GHA,BX.KLT.DINV.CD.DT,Data on Foreign Direct Investment are based on Balance of Payments reported by the International Monetary Fund. Unless otherwise specified in the specific years.
GIN,BX.KLT.DINV.CD.DT,Data on Foreign Direct Investment are based on Balance of Payments reported by the International Monetary Fund. Unless otherwise specified in the specific years.
GMB,BX.KLT.DINV.CD.DT,Data on Foreign Direct Investment are based on Balance of Payments reported by the International Monetary Fund. Unless otherwise specified in the specific years.
GNB,BX.KLT.DINV.CD.DT,Data on Foreign Direct Investment are based on Balance of Payments reported by the International Monetary Fund. Unless otherwise specified in the specific years.
GRD,BX.KLT.DINV.CD.DT,Data on Foreign Direct Investment are based on Balance of Payments reported by the International Monetary Fund. Unless otherwise specified in the specific years.
GTM,BX.KLT.DINV.CD.DT,Data on Foreign Direct Investment are based on Balance of Payments reported by the International Monetary Fund. Unless otherwise specified in the specific years.
GUY,BX.KLT.DINV.CD.DT,Data on Foreign Direct Investment are based on Balance of Payments reported by the International Monetary Fund. Unless otherwise specified in the specific years.
HND,BX.KLT.DINV.CD.DT,Data on Foreign Direct Investment are based on Balance of Payments reported by the International Monetary Fund. Unless otherwise specified in the specific years.
HTI,BX.KLT.DINV.CD.DT,Data on Foreign Direct Investment are based on Balance of Payments reported by the International Monetary Fund. Unless otherwise specified in the specific years.
IDN,BX.KLT.DINV.CD.DT,Data on Foreign Direct Investment are based on Balance of Payments reported by the International Monetary Fund. Unless otherwise specified in the specific years.
IND,BX.KLT.DINV.CD.DT,Data on Foreign Direct Investment are based on Balance of Payments reported by the International Monetary Fund. Unless otherwise specified in the specific years.
IRN,BX.KLT.DINV.CD.DT,Data on Foreign Direct Investment are based on Balance of Payments reported by the International Monetary Fund. Unless otherwise specified in the specific years.
JAM,BX.KLT.DINV.CD.DT,Data on Foreign Direct Investment are based on Balance of Payments reported by the International Monetary Fund. Unless otherwise specified in the specific years.
JOR,BX.KLT.DINV.CD.DT,Data on Foreign Direct Investment are based on Balance of Payments reported by the International Monetary Fund. Unless otherwise specified in the specific years.
KAZ,BX.KLT.DINV.CD.DT,Data on Foreign Direct Investment are based on Balance of Payments reported by the International Monetary Fund. Unless otherwise specified in the specific years.
KEN,BX.KLT.DINV.CD.DT,Data on Foreign Direct Investment are based on Balance of Payments reported by the International Monetary Fund. Unless otherwise specified in the specific years.
KGZ,BX.KLT.DINV.CD.DT,Data on Foreign Direct Investment are based on Balance of Payments reported by the International Monetary Fund. Unless otherwise specified in the specific years.
KHM,BX.KLT.DINV.CD.DT,Data on Foreign Direct Investment are based on Balance of Payments reported by the International Monetary Fund. Unless otherwise specified in the specific years.
KSV,BX.KLT.DINV.CD.DT,Data on Foreign Direct Investment are based on Balance of Payments reported by the International Monetary Fund. Unless otherwise specified in the specific years.
LAC,BX.KLT.DINV.CD.DT,Data on Foreign Direct Investment are based on Balance of Payments reported by the International Monetary Fund. Unless otherwise specified in the specific years.
LAO,BX.KLT.DINV.CD.DT,Data on Foreign Direct Investment are based on Balance of Payments reported by the International Monetary Fund. Unless otherwise specified in the specific years.
LBN,BX.KLT.DINV.CD.DT,Data on Foreign Direct Investment are based on Balance of Payments reported by the International Monetary Fund. Unless otherwise specified in the specific years.
LBR,BX.KLT.DINV.CD.DT,Data on Foreign Direct Investment are based on Balance of Payments reported by the International Monetary Fund. Unless otherwise specified in the specific years.
LCA,BX.KLT.DINV.CD.DT,Data on Foreign Direct Investment are based on Balance of Payments reported by the International Monetary Fund. Unless otherwise specified in the specific years.
LIC,BX.KLT.DINV.CD.DT,Data on Foreign Direct Investment are based on Balance of Payments reported by the International Monetary Fund. Unless otherwise specified in the specific years.
LKA,BX.KLT.DINV.CD.DT,Data on Foreign Direct Investment are based on Balance of Payments reported by the International Monetary Fund. Unless otherwise specified in the specific years.
IND,DT.DOD.DPNG.CD,Data prior to 2003 are mechanically adjusted from fiscal year to calendar year.
IND,DT.DOD.DPPG.CD,Data prior to 2003 are mechanically adjusted from fiscal year to calendar year.
PHL,DT.DOD.DPNG.CD,"Long-term private nonguaranteed debt includes the following monitored aggregate private-sector debt: unregistered debt, intercompany debt and capital leases."
BLZ,DT.DOD.DECT.CD,Long-term public and publicly guaranteed and long-term private nonguaranteed debt data for 2013 are based on reports provided by the country. Short-term debt data are not available.
BLR,DT.DOD.DECT.CD,Long-term public and publicly guaranteed and long-term private nonguaranteed debt data for 2013 are based on reports provided by the country. Short-term debt data for 2013 are sourced by the Quarterly External Debt Statistics database (http://datatopics.worldbank.org/debt/qeds).
BRA,DT.DOD.DECT.CD,Long-term public and publicly guaranteed and long-term private nonguaranteed debt data for 2013 are based on reports provided by the country. Short-term debt data for 2013 are sourced by the Quarterly External Debt Statistics database (http://datatopics.worldbank.org/debt/qeds).
COL,DT.DOD.DECT.CD,Long-term public and publicly guaranteed and long-term private nonguaranteed debt data for 2013 are based on reports provided by the country. Short-term debt data for 2013 are sourced by the Quarterly External Debt Statistics database (http://datatopics.worldbank.org/debt/qeds).
IND,DT.DOD.DECT.CD,Long-term public and publicly guaranteed and long-term private nonguaranteed debt data for 2013 are based on reports provided by the country. Short-term debt data for 2013 are sourced by the Quarterly External Debt Statistics database (http://datatopics.worldbank.org/debt/qeds).
IDN,DT.DOD.DECT.CD,Long-term public and publicly guaranteed and long-term private nonguaranteed debt data for 2013 are based on reports provided by the country. Short-term debt data for 2013 are sourced by the Quarterly External Debt Statistics database (http://datatopics.worldbank.org/debt/qeds).
KAZ,DT.DOD.DECT.CD,Long-term public and publicly guaranteed and long-term private nonguaranteed debt data for 2013 are based on reports provided by the country. Short-term debt data for 2013 are sourced by the Quarterly External Debt Statistics database (http://datatopics.worldbank.org/debt/qeds).
KSV,DT.DOD.DECT.CD,Long-term public and publicly guaranteed and long-term private nonguaranteed debt data for 2013 are based on reports provided by the country. Short-term debt data for 2013 are sourced by the Quarterly External Debt Statistics database (http://datatopics.worldbank.org/debt/qeds).
GEO,DT.DOD.DECT.CD,Long-term public and publicly guaranteed and long-term private nonguaranteed debt data for 2013 are based on reports provided by the country. Short-term debt data for 2013 are sourced by the Quarterly External Debt Statistics database (http://datatopics.worldbank.org/debt/qeds).
EGY,DT.DOD.DECT.CD,Long-term public and publicly guaranteed and long-term private nonguaranteed debt data for 2013 are based on reports provided by the country. Short-term debt data for 2013 are sourced by the Quarterly External Debt Statistics database (http://datatopics.worldbank.org/debt/qeds).
DZA,DT.DOD.DECT.CD,Long-term public and publicly guaranteed and long-term private nonguaranteed debt data for 2013 are based on reports provided by the country. Short-term debt data for 2013 are sourced by the Quarterly External Debt Statistics database (http://datatopics.worldbank.org/debt/qeds).
UZB,DT.DOD.DECT.CD,Long-term public and publicly guaranteed and long-term private nonguaranteed debt data for 2013 are based on reports provided by the country. Short-term debt data for 2013 are sourced by the Quarterly External Debt Statistics database (http://datatopics.worldbank.org/debt/qeds).
UKR,DT.DOD.DECT.CD,Long-term public and publicly guaranteed and long-term private nonguaranteed debt data for 2013 are based on reports provided by the country. Short-term debt data for 2013 are sourced by the Quarterly External Debt Statistics database (http://datatopics.worldbank.org/debt/qeds).
TUR,DT.DOD.DECT.CD,Long-term public and publicly guaranteed and long-term private nonguaranteed debt data for 2013 are based on reports provided by the country. Short-term debt data for 2013 are sourced by the Quarterly External Debt Statistics database (http://datatopics.worldbank.org/debt/qeds).
MKD,DT.DOD.DECT.CD,Long-term public and publicly guaranteed and long-term private nonguaranteed debt data for 2013 are based on reports provided by the country. Short-term debt data for 2013 are sourced by the Quarterly External Debt Statistics database (http://datatopics.worldbank.org/debt/qeds).
MEX,DT.DOD.DECT.CD,Long-term public and publicly guaranteed and long-term private nonguaranteed debt data for 2013 are based on reports provided by the country. Short-term debt data for 2013 are sourced by the Quarterly External Debt Statistics database (http://datatopics.worldbank.org/debt/qeds).
MDA,DT.DOD.DECT.CD,Long-term public and publicly guaranteed and long-term private nonguaranteed debt data for 2013 are based on reports provided by the country. Short-term debt data for 2013 are sourced by the Quarterly External Debt Statistics database (http://datatopics.worldbank.org/debt/qeds).
MDG,DT.DOD.DECT.CD,Long-term public and publicly guaranteed and long-term private nonguaranteed debt data for 2013 are based on reports provided by the country. Short-term debt data for 2013 are sourced by the Quarterly External Debt Statistics database (http://datatopics.worldbank.org/debt/qeds). Data include the effects of HIPC and MDRI debt relief.
NIC,DT.DOD.DECT.CD,Long-term public and publicly guaranteed and long-term private nonguaranteed debt data for 2013 are based on reports provided by the country. Short-term debt data for 2013 are sourced by the Quarterly External Debt Statistics database (http://datatopics.worldbank.org/debt/qeds). Data include the effects of HIPC and MDRI debt relief.
HND,DT.DOD.DECT.CD,Long-term public and publicly guaranteed and long-term private nonguaranteed debt data for 2013 are based on reports provided by the country. Short-term debt data for 2013 are sourced by the Quarterly External Debt Statistics database (http://datatopics.worldbank.org/debt/qeds). Data include the effects of HIPC and MDRI debt relief.
LBR,DT.DOD.DECT.CD,"Long-term public and publicly guaranteed and long-term private nonguaranteed debt data for 2013 are based on reports provided by the country. Short-term debt data for 2013 are sourced by the Quarterly External Debt Statistics database (http://datatopics.worldbank.org/debt/qeds). Data include the effects of Paris Club rescheduling agreement signed in 2008 and 2010, and HIPC and MDRI debt relief."
SRB,DT.DOD.DECT.CD,Long-term public and publicly guaranteed and long-term private nonguaranteed debt data for 2013 are based on reports provided by the country. Short-term debt for 2013 is based on Central Bank data.
VNM,DT.DOD.DECT.CD,Long-term public and publicly guaranteed and long-term private nonguaranteed debt data for 2013 are based on reports provided by the country. Short-term debt for 2013 is based on data from the BIS.
ZWE,DT.DOD.DECT.CD,Long-term public and publicly guaranteed and long-term private nonguaranteed debt data for 2013 are based on reports provided by the country. Short-term debt for 2013 is based on data from the BIS.
SLB,DT.DOD.DECT.CD,Long-term public and publicly guaranteed and long-term private nonguaranteed debt data for 2013 are based on reports provided by the country. Short-term debt for 2013 is based on data from the BIS.
PRY,DT.DOD.DECT.CD,Long-term public and publicly guaranteed and long-term private nonguaranteed debt data for 2013 are based on reports provided by the country. Short-term debt for 2013 is based on data from the BIS.
PNG,DT.DOD.DECT.CD,Long-term public and publicly guaranteed and long-term private nonguaranteed debt data for 2013 are based on reports provided by the country. Short-term debt for 2013 is based on data from the BIS.
MAR,DT.DOD.DECT.CD,Long-term public and publicly guaranteed and long-term private nonguaranteed debt data for 2013 are based on reports provided by the country. Short-term debt for 2013 is based on data from the BIS.
KEN,DT.DOD.DECT.CD,Long-term public and publicly guaranteed and long-term private nonguaranteed debt data for 2013 are based on reports provided by the country. Short-term debt for 2013 is based on data from the BIS.
FJI,DT.DOD.DECT.CD,Long-term public and publicly guaranteed and long-term private nonguaranteed debt data for 2013 are based on reports provided by the country. Short-term debt for 2013 is based on data from the BIS.
BTN,DT.DOD.DECT.CD,Long-term public and publicly guaranteed and long-term private nonguaranteed debt data for 2013 are based on reports provided by the country. Short-term debt for 2013 is based on data from the BIS.
ARG,DT.DOD.DECT.CD,Long-term public and publicly guaranteed and long-term private nonguaranteed debt data for 2013 are based on reports provided by the country. Short-term debt for 2013 is based on data from the BIS.
CMR,DT.DOD.DECT.CD,Long-term public and publicly guaranteed and long-term private nonguaranteed debt data for 2013 are based on reports provided by the country. Short-term debt for 2013 is based on data from the BIS. Data include the effects of HIPC and MDRI debt relief.
GUY,DT.DOD.DECT.CD,Long-term public and publicly guaranteed and long-term private nonguaranteed debt data for 2013 are based on reports provided by the country. Short-term debt for 2013 is based on data from the BIS. Data include the effects of HIPC and MDRI debt relief.
TZA,DT.DOD.DECT.CD,Long-term public and publicly guaranteed and long-term private nonguaranteed debt data for 2013 are based on reports provided by the country. Short-term debt for 2013 is based on data from the BIS. Data include the effects of HIPC and MDRI debt relief.
DOM,DT.DOD.DECT.CD,Long-term public and publicly guaranteed and long-term private nonguaranteed debt data for 2013 are based on reports provided by the country. Short-term debt for 2013 is based on data from the BIS. Data include the effects of Paris Club debt restructuring agreement signed in 2005.
ROM,DT.DOD.DECT.CD,Long-term public and publicly guaranteed and long-term private nonguaranteed debt data for 2013 are based on reports provided by the country. Short-term debt for 2013 is sourced by the Quarterly External Debt Statistics database (http://datatopics.worldbank.org/debt/qeds).
CHN,DT.DOD.DECT.CD,Long-term public and publicly guaranteed and long-term private nonguaranteed debt data for 2013 are World Bank staff estimates based on creditors and market data. Short-term debt data for 2013 are sourced by the Quarterly External Debt Statistics database (http://datatopics.worldbank.org/debt/qeds).
MYS,DT.DOD.DECT.CD,Long-term public and publicly guaranteed and long-term private nonguaranteed debt data for 2013 are World Bank staff estimates based on reports provided by the country. Short-term debt data for 2013 are sourced by the Quarterly External Debt Statistics database (http://datatopics.worldbank.org/debt/qeds).
ZAF,DT.DOD.DECT.CD,Long-term public and publicly guaranteed and long-term private nonguaranteed debt data for 2013 are World Bank staff estimates based on reports provided by the country. Short-term debt data for 2013 are sourced by the Quarterly External Debt Statistics database (http://datatopics.worldbank.org/debt/qeds).
ECU,DT.DOD.DECT.CD,Long-term public and publicly guaranteed and long-term private nonguaranteeddebt data for 2013 are based on reports provided by the country. Short-term debt for 2013 is World Bank staff estimates based on Central Bank data.
MUS,DT.DOD.DECT.CD,Long-term public and publicly guaranteed and short-term debt data for 2013 are based on reports provided by the country. Long-term private nonguaranteed debt data for 2013 are World Bank staff estimates based on the Quarterly External Debt Statistics database (http://datatopics.worldbank.org/debt/qeds).
IND,DT.DOD.PBND.CD,Long-term public and publicly guaranteed bonds include Foreign Institutional Investor debt as reported by the Bank of India.
CPV,DT.DOD.DECT.CD,Long-term public and publicly guaranteed debt data for 2013 are based on reports provided by the country. Long-term private nonguaranteed and short-term debt data are not available.
CRI,DT.DOD.DECT.CD,Long-term public and publicly guaranteed debt data for 2013 are based on reports provided by the country. Long-term private nonguaranteed and short-term debt data for 2013 are based on Central Bank data.
MNG,DT.DOD.DECT.CD,Long-term public and publicly guaranteed debt data for 2013 are based on reports provided by the country. Long-term private nonguaranteed and short-term debt data for 2013 are based on Central Bank data.
ZMB,DT.DOD.DECT.CD,Long-term public and publicly guaranteed debt data for 2013 are based on reports provided by the country. Long-term private nonguaranteed and short-term debt data for 2013 are sourced by the Quarterly External Debt Statistics database (http://datatopics.worldbank.org/debt/qeds).
SLV,DT.DOD.DECT.CD,Long-term public and publicly guaranteed debt data for 2013 are based on reports provided by the country. Long-term private nonguaranteed and short-term debt data for 2013 are sourced by the Quarterly External Debt Statistics database (http://datatopics.worldbank.org/debt/qeds).
ALB,DT.DOD.DECT.CD,Long-term public and publicly guaranteed debt data for 2013 are based on reports provided by the country. Long-term private nonguaranteed and short-term debt data for 2013 are sourced by the Quarterly External Debt Statistics database (http://datatopics.worldbank.org/debt/qeds).
LKA,DT.DOD.DECT.CD,Long-term public and publicly guaranteed debt data for 2013 are based on reports provided by the country. Long-term private nonguaranteed and short-term debt data for 2013 are sourced by the Quarterly External Debt Statistics database (http://datatopics.worldbank.org/debt/qeds).
BFA,DT.DOD.DECT.CD,Long-term public and publicly guaranteed debt data for 2013 are based on reports provided by the country. Long-term private nonguaranteed and short-term debt data for 2013 are sourced by the Quarterly External Debt Statistics database (http://datatopics.worldbank.org/debt/qeds). Data include HIPC and MDRI debt relief.
BOL,DT.DOD.DECT.CD,Long-term public and publicly guaranteed debt data for 2013 are based on reports provided by the country. Long-term private nonguaranteed and short-term debt data for 2013 are sourced by the Quarterly External Debt Statistics database (http://datatopics.worldbank.org/debt/qeds). Data include the effects of HIPC and MDRI debt relief.
MNE,DT.DOD.DECT.CD,Long-term public and publicly guaranteed debt data for 2013 are based on reports provided by the country. Long-term private nonguaranteed debt data (excluding bonds) only cover European Bank for Reconstruction and Development lending. Short-term debt for 2013 is based on data from the BIS.
TUN,DT.DOD.DECT.CD,Long-term public and publicly guaranteed debt data for 2013 are based on reports provided by the country. Long-term private nonguaranteed debt data and short-term debt data for 2013 are sourced by the Quarterly External Debt Statistics database (http://datatopics.worldbank.org/debt/qeds).
JOR,DT.DOD.DECT.CD,Long-term public and publicly guaranteed debt data for 2013 are based on reports provided by the country. Long-term private nonguaranteed debt data and short-term debt data for 2013 are sourced by the Quarterly External Debt Statistics database (http://datatopics.worldbank.org/debt/qeds).
BEN,DT.DOD.DECT.CD,Long-term public and publicly guaranteed debt data for 2013 are based on reports provided by the country. Long-term private nonguaranteed debt data are not available. Data include the effects of Paris Club debt restructuring agreement and HIPC and MDRI debt relief.
WSM,DT.DOD.DECT.CD,"Long-term public and publicly guaranteed debt data for 2013 are based on reports provided by the country. Long-term private nonguaranteed debt data are not available. Short-term debt data are excluded since BIS data include debt liabilities of offshore centers located in the country. BIS short-term debt data for 2010, 2011, and 2013 are $2.1 billion, $2.5 billion, and $3.0 billion respectively."
VCT,DT.DOD.DECT.CD,"Long-term public and publicly guaranteed debt data for 2013 are based on reports provided by the country. Long-term private nonguaranteed debt data are not available. Short-term debt data are excluded since BIS data include debt liabilities of offshore centers located in the country. BIS short-term debt data for 2010, 2011, and 2013 are $482 million, $393 million, and $361 million respectively."
AGO,DT.DOD.DECT.CD,Long-term public and publicly guaranteed debt data for 2013 are based on reports provided by the country. Long-term private nonguaranteed debt data are not available. Short-term debt data for 2013 are sourced by the Quarterly External Debt Statistics database (http://datatopics.worldbank.org/debt/qeds).
DMA,DT.DOD.DECT.CD,Long-term public and publicly guaranteed debt data for 2013 are based on reports provided by the country. Long-term private nonguaranteed debt data are not available. Short-term debt data for 2013 are sourced by the Quarterly External Debt Statistics database (http://datatopics.worldbank.org/debt/qeds).
UGA,DT.DOD.DECT.CD,Long-term public and publicly guaranteed debt data for 2013 are based on reports provided by the country. Long-term private nonguaranteed debt data are not available. Short-term debt data for 2013 are sourced by the Quarterly External Debt Statistics database (http://datatopics.worldbank.org/debt/qeds). Data include the effects of HIPC and MDRI debt relief.
VEN,DT.DOD.DECT.CD,Long-term public and publicly guaranteed debt data for 2013 are based on reports provided by the country. Long-term private nonguaranteed debt data are not available. Short-term debt for 2013 is based on Central Bank data.
YEM,DT.DOD.DECT.CD,Long-term public and publicly guaranteed debt data for 2013 are based on reports provided by the country. Long-term private nonguaranteed debt data are not available. Short-term debt for 2013 is based on data from the BIS.
TON,DT.DOD.DECT.CD,Long-term public and publicly guaranteed debt data for 2013 are based on reports provided by the country. Long-term private nonguaranteed debt data are not available. Short-term debt for 2013 is based on data from the BIS.
SYC,DT.DOD.DECT.CD,Long-term public and publicly guaranteed debt data for 2013 are based on reports provided by the country. Long-term private nonguaranteed debt data are not available. Short-term debt for 2013 is based on data from the BIS.
SWZ,DT.DOD.DECT.CD,Long-term public and publicly guaranteed debt data for 2013 are based on reports provided by the country. Long-term private nonguaranteed debt data are not available. Short-term debt for 2013 is based on data from the BIS.
LSO,DT.DOD.DECT.CD,Long-term public and publicly guaranteed debt data for 2013 are based on reports provided by the country. Long-term private nonguaranteed debt data are not available. Short-term debt for 2013 is based on data from the BIS.
NPL,DT.DOD.DECT.CD,Long-term public and publicly guaranteed debt data for 2013 are based on reports provided by the country. Long-term private nonguaranteed debt data are not available. Short-term debt for 2013 is based on data from the BIS.
SDN,DT.DOD.DECT.CD,Long-term public and publicly guaranteed debt data for 2013 are based on reports provided by the country. Long-term private nonguaranteed debt data are not available. Short-term debt for 2013 is based on data from the BIS.
BWA,DT.DOD.DECT.CD,Long-term public and publicly guaranteed debt data for 2013 are based on reports provided by the country. Long-term private nonguaranteed debt data are not available. Short-term debt for 2013 is based on data from the BIS.
GRD,DT.DOD.DECT.CD,Long-term public and publicly guaranteed debt data for 2013 are based on reports provided by the country. Long-term private nonguaranteed debt data are not available. Short-term debt for 2013 is based on data from the BIS.
MOZ,DT.DOD.DECT.CD,Long-term public and publicly guaranteed debt data for 2013 are based on reports provided by the country. Long-term private nonguaranteed debt data are not available. Short-term debt for 2013 is based on data from the BIS. Data include HIPC and MDRI debt relief.
STP,DT.DOD.DECT.CD,Long-term public and publicly guaranteed debt data for 2013 are based on reports provided by the country. Long-term private nonguaranteed debt data are not available. Short-term debt for 2013 is based on data from the BIS. Data include HIPC and MDRI debt relief.
KHM,DT.DOD.DECT.CD,Long-term public and publicly guaranteed debt data for 2013 are based on reports provided by the country. Long-term private nonguaranteed debt data are not available. Short-term debt for 2013 is based on data from the BIS. Data include MDRI debt relief.
GMB,DT.DOD.DECT.CD,Long-term public and publicly guaranteed debt data for 2013 are based on reports provided by the country. Long-term private nonguaranteed debt data are not available. Short-term debt for 2013 is based on data from the BIS. Data include the effects of HIPC and MDRI debt relief.
ETH,DT.DOD.DECT.CD,Long-term public and publicly guaranteed debt data for 2013 are based on reports provided by the country. Long-term private nonguaranteed debt data are not available. Short-term debt for 2013 is based on data from the BIS. Data include the effects of HIPC and MDRI debt relief.
CAF,DT.DOD.DECT.CD,Long-term public and publicly guaranteed debt data for 2013 are based on reports provided by the country. Long-term private nonguaranteed debt data are not available. Short-term debt for 2013 is based on data from the BIS. Data include the effects of HIPC and MDRI debt relief.
MLI,DT.DOD.DECT.CD,Long-term public and publicly guaranteed debt data for 2013 are based on reports provided by the country. Long-term private nonguaranteed debt data are not available. Short-term debt for 2013 is based on data from the BIS. Data include the effects of HIPC and MDRI debt relief.
RWA,DT.DOD.DECT.CD,Long-term public and publicly guaranteed debt data for 2013 are based on reports provided by the country. Long-term private nonguaranteed debt data are not available. Short-term debt for 2013 is based on data from the BIS. Data include the effects of HIPC and MDRI debt relief.
NER,DT.DOD.DECT.CD,Long-term public and publicly guaranteed debt data for 2013 are based on reports provided by the country. Long-term private nonguaranteed debt data are not available. Short-term debt for 2013 is based on data from the BIS. Data include the effects of HIPC and MDRI debt relief.
TCD,DT.DOD.DECT.CD,Long-term public and publicly guaranteed debt data for 2013 are based on reports provided by the country. Long-term private nonguaranteed debt data are not available. Short-term debt for 2013 is based on data from the BIS. Data include the effects of HIPC debt relief.
MRT,DT.DOD.DECT.CD,Long-term public and publicly guaranteed debt data for 2013 are based on reports provided by the country. Long-term private nonguaranteed debt data are not available. Short-term debt for 2013 is based on data from the BIS. Data include the effects of MDRI debt relief.
GAB,DT.DOD.DECT.CD,Long-term public and publicly guaranteed debt data for 2013 are based on reports provided by the country. Long-term private nonguaranteed debt data are not available. Short-term debt for 2013 is based on data from the BIS. Data include the effects of Paris Club debt buyback agreement signed in 2007.
COG,DT.DOD.DECT.CD,Long-term public and publicly guaranteed debt data for 2013 are based on reports provided by the country. Long-term private nonguaranteed debt data are not available. Short-term debt for 2013 is based on data from the BIS. Data include the effects of Paris Club debt restructuring agreement and HIPC and MDRI debt relief.
BDI,DT.DOD.DECT.CD,Long-term public and publicly guaranteed debt data for 2013 are based on reports provided by the country. Long-term private nonguaranteed debt data are not available. Short-term debt for 2013 is based on data from the BIS. Data include the effects of Paris Club debt restructuring agreement and HIPC and MDRI debt relief.
TGO,DT.DOD.DECT.CD,Long-term public and publicly guaranteed debt data for 2013 are based on reports provided by the country. Long-term private nonguaranteed debt data are not available. Short-term debt for 2013 is based on data from the BIS. Data include the effects of Paris Club debt restructuring agreement and HIPC and MDRI debt relief.
ZAR,DT.DOD.DECT.CD,Long-term public and publicly guaranteed debt data for 2013 are based on reports provided by the country. Long-term private nonguaranteed debt data are not available. Short-term debt for 2013 is based on data from the BIS. Data include the effects of Paris Club debt restructuring agreement and HIPC and MDRI debt relief.
DJI,DT.DOD.DECT.CD,Long-term public and publicly guaranteed debt data for 2013 are based on reports provided by the country. Long-term private nonguaranteed debt data are not available. Short-term debt for 2013 is based on data from the BIS. Data include the effects of Paris Club debt restructuring agreement signed in 2008.
AFG,DT.DOD.DECT.CD,Long-term public and publicly guaranteed debt data for 2013 are based on reports provided by the country. Long-term private nonguaranteed debt data are not available. Short-term debt for 2013 is based on data from the BIS. Data include the effects of Paris Club debt restructuring agreements signed in 2010 and HIPC and MDRI debt relief.
COM,DT.DOD.DECT.CD,Long-term public and publicly guaranteed debt data for 2013 are based on reports provided by the country. Long-term private nonguaranteed debt data are not available. Short-term debt for 2013 is based on data from the BIS. Data include the effects of Paris Club debt restructuring agreements signed in 2010 and the HIPC debt relief.
MWI,DT.DOD.DECT.CD,Long-term public and publicly guaranteed debt data for 2013 are based on reports provided by the country. Long-term private nonguaranteed debt data are not available. Short-term debt for 2013 is based on data from the BIS. Data include the effects of Paris Club rescheduling agreement signed in 2006 and HIPC and MDRI debt relief.
HTI,DT.DOD.DECT.CD,Long-term public and publicly guaranteed debt data for 2013 are based on reports provided by the country. Long-term private nonguaranteed debt data are not available. Short-term debt for 2013 is based on data from the BIS. Data include the effects of Paris Club restructuring agreements signed in 2006 and 2009 and HIPC and MDRI debt relief.
LCA,DT.DOD.DECT.CD,Long-term public and publicly guaranteed debt data for 2013 are based on reports provided by the country. Long-term private nonguaranteed debt data are not available. Short-term debt for 2013 is sourced by the Quarterly External Debt Statistics database (http://datatopics.worldbank.org/debt/qeds).
SLE,DT.DOD.DECT.CD,Long-term public and publicly guaranteed debt data for 2013 are based on reports provided by the country. Long-term private nonguaranteed debt data are not available. Short-term debt for 2013 is sourced by the Quarterly External Debt Statistics database (http://datatopics.worldbank.org/debt/qeds). Data include the effects of Paris Club debt restructuring agreement and HIPC and MDRI debt relief.
IRN,DT.DOD.DECT.CD,Long-term public and publicly guaranteed debt data for 2013 are based on reports provided by the country. Long-term private nonguaranteed debt data are not available. Short-term debt for 2013 is World Bank staff estimates. Fiscal year-end for external debt data is March.
THA,DT.DOD.DECT.CD,Long-term public and publicly guaranteed debt data for 2013 are based on reports provided by the country. Long-term private nonguaranteed debt data are World Bank staff estimates based on the market data. Short-term debt data for 2013 are sourced by the Quarterly External Debt Statistics database (http://datatopics.worldbank.org/debt/qeds).
AZE,DT.DOD.DECT.CD,Long-term public and publicly guaranteed debt data for 2013 are based on reports provided by the country. Long-term private nonguaranteed debt data are World Bank staff estimates based on the market data. Short-term debt for 2013 is based on data from the BIS.
LAO,DT.DOD.DECT.CD,Long-term public and publicly guaranteed debt data for 2013 are based on reports provided by the country. Long-term private nonguaranteed debt data are World Bank staff estimates. Short-term debt for 2013 is based on data from the BIS.
KGZ,DT.DOD.DECT.CD,Long-term public and publicly guaranteed debt data for 2013 are based on reports provided by the country. Long-term private nonguaranteed debt data for 2013 are sourced by the Quarterly External Debt Statistics database (http://datatopics.worldbank.org/debt/qeds).  Short-term debt for 2013 is based on data from the National Statistical Committee of Kyrgyz Republic.
MDV,DT.DOD.DECT.CD,Long-term public and publicly guaranteed debt data for 2013 are based on reports provided by the country. Long-term private nonguaranteed debt data for 2013 are World Bank staff estimates based on reports provided by the country. Short-term debt data for 2013 are World Bank staff estimates based on reports provided by the country.
TJK,DT.DOD.DECT.CD,Long-term public and publicly guaranteed debt data for 2013 are based on reports provided by the country. Long-term private nonguaranteed debt data for 2013 are World Bank staff estimates based on reports provided by the country. Short-term debt for 2013 is based on data from the BIS. Data include MDRI debt relief.
CIV,DT.DOD.DECT.CD,Long-term public and publicly guaranteed debt data for 2013 are based on reports provided by the country. Long-term private nonguaranteed debt data for 2013 are World Bank staff estimates based on reports provided by the country. Short-term debt for 2013 is based on data from the BIS. Data include the effects of Paris Club agreement signed in 2011 and 2013 and HIPC and MDRI debt relief.
PER,DT.DOD.DECT.CD,Long-term public and publicly guaranteed debt data for 2013 are based on reports provided by the country. Long-term private nonguaranteed debt data for 2013 are World Bank staff estimates based on the market data. Short-term debt for 2013 is based on data from the BIS. Data for 2007 include Bond prepayment and prepayment to Paris Club creditors.
BIH,DT.DOD.DECT.CD,Long-term public and publicly guaranteed debt data for 2013 are based on reports provided by the country. Long-term private nonguaranteed debt data from 2005 are World Bank staff estimates. Short-term debt for 2013 is based on data from the BIS.
BGR,DT.DOD.DECT.CD,Long-term public and publicly guaranteed debt data for 2013 are based on reports provided by the country. Long-term private nonguaranteed debt data from 2008 are World Bank staff estimates based on reports provided by the country. The data may include long-term public and publicly guaranteed debt owed by the state-owned railway. Short-term debt data for 2013 are sourced by the Quarterly External Debt Statistics database (http://datatopics.worldbank.org/debt/qeds).
ARM,DT.DOD.DECT.CD,Long-term public and publicly guaranteed debt data for 2013 are based on reports provided by the country. Long-term private nonguaranteed debt data from 2011 are World Bank staff estimates. Short-term debt data for 2013 are sourced by the Quarterly External Debt Statistics database (http://datatopics.worldbank.org/debt/qeds).
PAN,DT.DOD.DECT.CD,Long-term public and publicly guaranteed debt data for 2013 are based on reports provided by the country. Long-term private nonguaranteed debt data only cover Bonds.  Short-term debt data for 2013 are sourced by the Quarterly External Debt Statistics database (http://datatopics.worldbank.org/debt/qeds).
GHA,DT.DOD.DECT.CD,Long-term public and publicly guaranteed debt data for 2013 are based on reports provided by the country. Long-term private nonguaranteed debt data only cover bonds. Short-term debt for 20131 is based on data from the BIS. Data include the effects of MDRI debt relief.
PAK,DT.DOD.DECT.CD,Long-term public and publicly guaranteed debt data for 2013 are based on reports provided by the country. Long-term private nonguaranteed debt for 2013 is based on Central Bank data. Short-term debt for 2013 is based on data from the BIS.
NGA,DT.DOD.DECT.CD,Long-term public and publicly guaranteed debt data for 2013 are based on reports provided by the country. Long-term private nonguaranteed debt only cover Bonds. Short-term debt data for 2013 are sourced by the Quarterly External Debt Statistics database (http://datatopics.worldbank.org/debt/qeds).
LBN,DT.DOD.DECT.CD,Long-term public and publicly guaranteed debt data for 2013 are based on reports provided by the country. Long-term private nonguaranteed debt only cover Bonds. Short-term debt for 2013 is based on data from the BIS.
JAM,DT.DOD.DECT.CD,Long-term public and publicly guaranteed debt data for 2013 are based on reports provided by the country.Long-term private nonguaranteed debt data for 2013 are World Bank staff estimates based on the market data. Short-term debt for 2013 is based on data from the BIS.
TKM,DT.DOD.DECT.CD,Long-term public and publicly guaranteed debt data for 2013 are World Bank staff estimates based on the original terms of the loans. Long-term private nonguaranteed debt data (excluding bonds) only cover European Bank for Reconstruction and Development lending. Short-term debt for 2013 is based on data from the BIS.
SOM,DT.DOD.DECT.CD,Long-term public and publicly guaranteed debt data for 2013 are World Bank staff estimates based on the original terms of the loans. Long-term private nonguaranteed debt data and short-term debt data are not available.
SYR,DT.DOD.DECT.CD,Long-term public and publicly guaranteed debt data for 2013 are World Bank staff estimates based on the original terms of the loans. Long-term private nonguaranteed debt data are not available. Short-term debt for 2013 is based on data from the BIS.
VUT,DT.DOD.DECT.CD,Long-term public and publicly guaranteed debt data for 2013 are World Bank staff estimates based on the original terms of the loans. Long-term private nonguaranteed debt data are not available. Short-term debt for 2013 is based on data from the BIS.
GNB,DT.DOD.DECT.CD,Long-term public and publicly guaranteed debt data for 2013 are World Bank staff estimates based on the original terms of the loans. Long-term private nonguaranteed debt data are not available. Short-term debt for 2013 is based on data from the BIS. Data include the effects of Paris Club debt restructuring agreement and HIPC and MDRI debt relief.
GIN,DT.DOD.DECT.CD,Long-term public and publicly guaranteed debt data for 2013 are World Bank staff estimates based on the original terms of the loans. Long-term private nonguaranteed debt data are not available. Short-term debt for 2013 is based on data from the BIS. Data include the effects of Paris Club debt restructuring agreement signed in 2010 and 2013 and HIPC and MDRI debt relief.
MMR,DT.DOD.DECT.CD,Long-term public and publicly guaranteed debt data for 2013 are World Bank staff estimates based on the original terms of the loans. Long-term private nonguaranteed debt data for 2013 are World Bank staff estimates based on reports provided by the country. Short-term debt data for 2013 are World Bank staff estimates. Fiscal year-end for external debt data is March.
GTM,DT.DOD.DECT.CD,Long-term public and publicly guaranteed debt data for 2013 are World Bank staff estimates based on the original terms of the loans. Long-term private nonguaranteed debt data for 2013 are World Bank staff estimates based on reports provided by the country. Short-term debt for 2013 is sourced by the Quarterly External Debt Statistics database (http://datatopics.worldbank.org/debt/qeds).
ERI,DT.DOD.DECT.CD,Long-term public and publicly guaranteed debt data from 2010 are World Bank staff estimates. Long-term private nonguaranteed debt data are not available. Short-term debt for 2013 is based on data from the BIS.
BGD,DT.DOD.DECT.CD,Long-term public and publicly guaranteed debt for 2013 are World Bank staff estimates based on the original terms of the loans. Long-term private nonguaranteed debt data are not available. Short-term debt data for 2013 are sourced by the Quarterly External Debt Statistics database (http://datatopics.worldbank.org/debt/qeds).
SEN,DT.DOD.DECT.CD,"Long-term public and publicly guaranteed, long-term private nonguaranteed, and short-term debt data for 2013 are based on reports provided by the country. Data include the effects of Paris Club debt restructuring agreement and HIPC and MDRI debt relief."
PHL,DT.DOD.DECT.CD,"Long-term public and publicly guaranteed, long-term private nonguaranteed, and short-term debt data for 2013 are based on reports provided by the country. Long-term private nonguaranteed debt data no longer include unregistered debt and are revised from 2005 based on the reports provided by the country."
BIH,DT.DOD.DPPG.CD,Prior to 1999 data on long-term public and publicly guaranteed debt include only IBRD and IMF loans.
ARG,DT.DOD.DPNG.CD,Provincial debt for long-term private nonguaranteed debt data are World Bank staff estimates.
PAN,DT.DOD.DSTC.CD,Short-term debt data are excluded since BIS data include debt liabilities of offshore centers located in the country. 
VCT,DT.DOD.DSTC.CD,Short-term debt data are excluded since BIS data include debt liabilities of offshore centers located in the country. 
WSM,DT.DOD.DSTC.CD,Short-term debt data are excluded since BIS data include debt liabilities of offshore centers located in the country. 
